法人名称,法人番号,主たる事務所の所在地,代表者,有効期限
特定非営利活動法人鹿児島ブロンコス法人名称,法人番号,主たる事務所の所在地,代表者,有効期限
 法人名称,法人番号,主たる事務所の所在地,代表者,有効期限
鹿児島県鹿児島市冷水町11番11号法人名称,法人番号,主たる事務所の所在地,代表者,有効期限
今園　貴史法人名称,法人番号,主たる事務所の所在地,代表者,有効期限
平成19年11月1日から平成21年10月31日まで法人名称,法人番号,主たる事務所の所在地,代表者,有効期限

法人名称,法人番号,主たる事務所の所在地,代表者,有効期限
特定非営利活動法人ふじみの国際交流センター法人名称,法人番号,主たる事務所の所在地,代表者,有効期限
 法人名称,法人番号,主たる事務所の所在地,代表者,有効期限
埼玉県ふじみ野市上福岡5丁目4番25号法人名称,法人番号,主たる事務所の所在地,代表者,有効期限
石井　ナナヱ法人名称,法人番号,主たる事務所の所在地,代表者,有効期限
平成15年11月1日から平成21年10月31日まで法人名称,法人番号,主たる事務所の所在地,代表者,有効期限

法人名称,法人番号,主たる事務所の所在地,代表者,有効期限
特定非営利活動法人二十一世紀協会法人名称,法人番号,主たる事務所の所在地,代表者,有効期限
 法人名称,法人番号,主たる事務所の所在地,代表者,有効期限
東京都八王子市散田町2丁目68番14号法人名称,法人番号,主たる事務所の所在地,代表者,有効期限
池田　晶子法人名称,法人番号,主たる事務所の所在地,代表者,有効期限
平成14年7月1日から平成25年6月30日まで法人名称,法人番号,主たる事務所の所在地,代表者,有効期限

法人名称,法人番号,主たる事務所の所在地,代表者,有効期限
特定非営利活動法人国境なき医師団日本法人名称,法人番号,主たる事務所の所在地,代表者,有効期限
 法人名称,法人番号,主たる事務所の所在地,代表者,有効期限
東京都新宿区馬場下町1番地1早稲田SIAビル3階法人名称,法人番号,主たる事務所の所在地,代表者,有効期限
黒　伸子法人名称,法人番号,主たる事務所の所在地,代表者,有効期限
平成14年8月1日から平成25年7月31日まで法人名称,法人番号,主たる事務所の所在地,代表者,有効期限

法人名称,法人番号,主たる事務所の所在地,代表者,有効期限
特定非営利活動法人ウイメンズハウスとちぎ法人名称,法人番号,主たる事務所の所在地,代表者,有効期限
 法人名称,法人番号,主たる事務所の所在地,代表者,有効期限
栃木県宇都宮市塙田2丁目5番1号共生ビル3階特定非営利活動法人とちぎボランティアネットワーク内法人名称,法人番号,主たる事務所の所在地,代表者,有効期限
中村　千惠子法人名称,法人番号,主たる事務所の所在地,代表者,有効期限
平成16年10月1日から平成25年9月30日まで法人名称,法人番号,主たる事務所の所在地,代表者,有効期限

法人名称,法人番号,主たる事務所の所在地,代表者,有効期限
特定非営利活動法人森の会法人名称,法人番号,主たる事務所の所在地,代表者,有効期限
 法人名称,法人番号,主たる事務所の所在地,代表者,有効期限
新潟県新潟市北区樋ノ入字向沢430番地3法人名称,法人番号,主たる事務所の所在地,代表者,有効期限
秦　隆輔法人名称,法人番号,主たる事務所の所在地,代表者,有効期限
平成14年11月1日から平成25年10月31日まで法人名称,法人番号,主たる事務所の所在地,代表者,有効期限

法人名称,法人番号,主たる事務所の所在地,代表者,有効期限
特定非営利活動法人北九州ホームレス支援機構法人名称,法人番号,主たる事務所の所在地,代表者,有効期限
 法人名称,法人番号,主たる事務所の所在地,代表者,有効期限
福岡県北九州市八幡東区荒生田2丁目1番32号法人名称,法人番号,主たる事務所の所在地,代表者,有効期限
奥田　知志法人名称,法人番号,主たる事務所の所在地,代表者,有効期限
平成16年12月1日から平成25年11月30日まで法人名称,法人番号,主たる事務所の所在地,代表者,有効期限

法人名称,法人番号,主たる事務所の所在地,代表者,有効期限
特定非営利活動法人青少年の自立を支える会法人名称,法人番号,主たる事務所の所在地,代表者,有効期限
 法人名称,法人番号,主たる事務所の所在地,代表者,有効期限
栃木県宇都宮市清住1丁目3番48号法人名称,法人番号,主たる事務所の所在地,代表者,有効期限
福田　雅章法人名称,法人番号,主たる事務所の所在地,代表者,有効期限
平成14年12月1日から平成25年11月30日まで法人名称,法人番号,主たる事務所の所在地,代表者,有効期限

法人名称,法人番号,主たる事務所の所在地,代表者,有効期限
特定非営利活動法人緑と水の連絡会議法人名称,法人番号,主たる事務所の所在地,代表者,有効期限
 法人名称,法人番号,主たる事務所の所在地,代表者,有効期限
島根県大田市大田町大田イ376番地1法人名称,法人番号,主たる事務所の所在地,代表者,有効期限
高橋　泰子法人名称,法人番号,主たる事務所の所在地,代表者,有効期限
平成18年12月1日から平成25年11月30日まで法人名称,法人番号,主たる事務所の所在地,代表者,有効期限

法人名称,法人番号,主たる事務所の所在地,代表者,有効期限
特定非営利活動法人アールディーエージャパン法人名称,法人番号,主たる事務所の所在地,代表者,有効期限
 法人名称,法人番号,主たる事務所の所在地,代表者,有効期限
東京都板橋区坂下1丁目36番7号エステートピアO・K103号室法人名称,法人番号,主たる事務所の所在地,代表者,有効期限
近藤　誠司法人名称,法人番号,主たる事務所の所在地,代表者,有効期限
平成17年1月1日から平成25年12月31日まで法人名称,法人番号,主たる事務所の所在地,代表者,有効期限

法人名称,法人番号,主たる事務所の所在地,代表者,有効期限
特定非営利活動法人海塾法人名称,法人番号,主たる事務所の所在地,代表者,有効期限
 法人名称,法人番号,主たる事務所の所在地,代表者,有効期限
東京都港区芝浦4丁目22-1芝浦アイランドエアタワー721法人名称,法人番号,主たる事務所の所在地,代表者,有効期限
高橋　順蔵法人名称,法人番号,主たる事務所の所在地,代表者,有効期限
平成21年1月1日から平成25年12月31日まで法人名称,法人番号,主たる事務所の所在地,代表者,有効期限

法人名称,法人番号,主たる事務所の所在地,代表者,有効期限
特定非営利活動法人インド福祉村協会法人名称,法人番号,主たる事務所の所在地,代表者,有効期限
 法人名称,法人番号,主たる事務所の所在地,代表者,有効期限
愛知県豊橋市平川南町73法人名称,法人番号,主たる事務所の所在地,代表者,有効期限
三木　隆治法人名称,法人番号,主たる事務所の所在地,代表者,有効期限
平成17年2月1日から平成26年1月31日まで法人名称,法人番号,主たる事務所の所在地,代表者,有効期限

法人名称,法人番号,主たる事務所の所在地,代表者,有効期限
特定非営利活動法人救急ヘリ病院ネットワーク法人名称,法人番号,主たる事務所の所在地,代表者,有効期限
 法人名称,法人番号,主たる事務所の所在地,代表者,有効期限
東京都千代田区1番町25番全国町村議員会館内法人名称,法人番号,主たる事務所の所在地,代表者,有効期限
篠田　伸夫法人名称,法人番号,主たる事務所の所在地,代表者,有効期限
平成19年2月1日から平成26年1月31日まで法人名称,法人番号,主たる事務所の所在地,代表者,有効期限

法人名称,法人番号,主たる事務所の所在地,代表者,有効期限
特定非営利活動法人北海道移植医療推進協議会法人名称,法人番号,主たる事務所の所在地,代表者,有効期限
 法人名称,法人番号,主たる事務所の所在地,代表者,有効期限
北海道札幌市中央区南1条西16丁目1番246号ANNEXレーベンビル内法人名称,法人番号,主たる事務所の所在地,代表者,有効期限
横内　龍三法人名称,法人番号,主たる事務所の所在地,代表者,有効期限
平成19年2月1日から平成26年1月31日まで法人名称,法人番号,主たる事務所の所在地,代表者,有効期限

法人名称,法人番号,主たる事務所の所在地,代表者,有効期限
特定非営利活動法人さいたまユネスコ協会法人名称,法人番号,主たる事務所の所在地,代表者,有効期限
 法人名称,法人番号,主たる事務所の所在地,代表者,有効期限
埼玉県さいたま市大宮区高鼻町2丁目320番の70法人名称,法人番号,主たる事務所の所在地,代表者,有効期限
本多　法人名称,法人番号,主たる事務所の所在地,代表者,有効期限
平成15年3月1日から平成26年2月28日まで法人名称,法人番号,主たる事務所の所在地,代表者,有効期限

法人名称,法人番号,主たる事務所の所在地,代表者,有効期限
特定非営利活動法人綜合画像研究支援法人名称,法人番号,主たる事務所の所在地,代表者,有効期限
 法人名称,法人番号,主たる事務所の所在地,代表者,有効期限
東京都千代田区平河町1丁目7番5号法人名称,法人番号,主たる事務所の所在地,代表者,有効期限
大隅　正子法人名称,法人番号,主たる事務所の所在地,代表者,有効期限
平成19年3月1日から平成26年2月28日まで法人名称,法人番号,主たる事務所の所在地,代表者,有効期限

法人名称,法人番号,主たる事務所の所在地,代表者,有効期限
特定非営利活動法人チャイルドラインもしもしキモチ法人名称,法人番号,主たる事務所の所在地,代表者,有効期限
 法人名称,法人番号,主たる事務所の所在地,代表者,有効期限
福岡県福岡市中央区警固1丁目13番15-404法人名称,法人番号,主たる事務所の所在地,代表者,有効期限
渕上　繼雄法人名称,法人番号,主たる事務所の所在地,代表者,有効期限
平成17年3月1日から平成26年2月28日まで法人名称,法人番号,主たる事務所の所在地,代表者,有効期限

法人名称,法人番号,主たる事務所の所在地,代表者,有効期限
特定非営利活動法人ディーピーアイ日本会議法人名称,法人番号,主たる事務所の所在地,代表者,有効期限
 法人名称,法人番号,主たる事務所の所在地,代表者,有効期限
東京都千代田区神田錦町3丁目11番地武蔵野ビル5階法人名称,法人番号,主たる事務所の所在地,代表者,有効期限
山田　昭義法人名称,法人番号,主たる事務所の所在地,代表者,有効期限
平成19年3月1日から平成26年2月28日まで法人名称,法人番号,主たる事務所の所在地,代表者,有効期限

法人名称,法人番号,主たる事務所の所在地,代表者,有効期限
特定非営利活動法人兵庫さい帯血バンク法人名称,法人番号,主たる事務所の所在地,代表者,有効期限
 法人名称,法人番号,主たる事務所の所在地,代表者,有効期限
兵庫県西宮市武庫川町1番1号法人名称,法人番号,主たる事務所の所在地,代表者,有効期限
後藤　武法人名称,法人番号,主たる事務所の所在地,代表者,有効期限
平成19年3月1日から平成26年2月28日まで法人名称,法人番号,主たる事務所の所在地,代表者,有効期限

法人名称,法人番号,主たる事務所の所在地,代表者,有効期限
特定非営利活動法人ブッダ基金法人名称,法人番号,主たる事務所の所在地,代表者,有効期限
 法人名称,法人番号,主たる事務所の所在地,代表者,有効期限
静岡県浜松市中区佐鳴台3丁目52番22号ブッダ基金事務局法人名称,法人番号,主たる事務所の所在地,代表者,有効期限
山口　貴司法人名称,法人番号,主たる事務所の所在地,代表者,有効期限
平成17年3月1日から平成26年2月28日まで法人名称,法人番号,主たる事務所の所在地,代表者,有効期限

法人名称,法人番号,主たる事務所の所在地,代表者,有効期限
特定非営利活動法人ブリッジエーシアジャパン法人名称,法人番号,主たる事務所の所在地,代表者,有効期限
 法人名称,法人番号,主たる事務所の所在地,代表者,有効期限
東京都渋谷区本町3丁目48-21-303号法人名称,法人番号,主たる事務所の所在地,代表者,有効期限
新石　悦子法人名称,法人番号,主たる事務所の所在地,代表者,有効期限
平成19年3月1日から平成26年2月28日まで法人名称,法人番号,主たる事務所の所在地,代表者,有効期限

法人名称,法人番号,主たる事務所の所在地,代表者,有効期限
特定非営利活動法人神奈川子ども未来ファンド法人名称,法人番号,主たる事務所の所在地,代表者,有効期限
 法人名称,法人番号,主たる事務所の所在地,代表者,有効期限
神奈川県横浜市中区新港2丁目2番1号横浜ワールドポーターズ6階NPOスクエア法人名称,法人番号,主たる事務所の所在地,代表者,有効期限
山崎　美貴子法人名称,法人番号,主たる事務所の所在地,代表者,有効期限
平成19年4月1日から平成26年3月31日まで法人名称,法人番号,主たる事務所の所在地,代表者,有効期限

法人名称,法人番号,主たる事務所の所在地,代表者,有効期限
特定非営利活動法人岐阜いのちの電話協会法人名称,法人番号,主たる事務所の所在地,代表者,有効期限
 法人名称,法人番号,主たる事務所の所在地,代表者,有効期限
岐阜県岐阜市大福町8丁目33番地法人名称,法人番号,主たる事務所の所在地,代表者,有効期限
杉田　憲夫法人名称,法人番号,主たる事務所の所在地,代表者,有効期限
平成19年4月1日から平成26年3月31日まで法人名称,法人番号,主たる事務所の所在地,代表者,有効期限

法人名称,法人番号,主たる事務所の所在地,代表者,有効期限
特定非営利活動法人希望法人名称,法人番号,主たる事務所の所在地,代表者,有効期限
 法人名称,法人番号,主たる事務所の所在地,代表者,有効期限
茨城県古河市上辺見2710番地法人名称,法人番号,主たる事務所の所在地,代表者,有効期限
桑原　正信法人名称,法人番号,主たる事務所の所在地,代表者,有効期限
平成19年5月1日から平成26年4月30日まで法人名称,法人番号,主たる事務所の所在地,代表者,有効期限

法人名称,法人番号,主たる事務所の所在地,代表者,有効期限
特定非営利活動法人国際アマチュア無線ボランティアズ法人名称,法人番号,主たる事務所の所在地,代表者,有効期限
 法人名称,法人番号,主たる事務所の所在地,代表者,有効期限
東京都品川区西五反田4丁目20番2号法人名称,法人番号,主たる事務所の所在地,代表者,有効期限
林　義雄法人名称,法人番号,主たる事務所の所在地,代表者,有効期限
平成19年5月1日から平成26年4月30日まで法人名称,法人番号,主たる事務所の所在地,代表者,有効期限

法人名称,法人番号,主たる事務所の所在地,代表者,有効期限
特定非営利活動法人柔道教育ソリダリティー法人名称,法人番号,主たる事務所の所在地,代表者,有効期限
 法人名称,法人番号,主たる事務所の所在地,代表者,有効期限
神奈川県平塚市北金目4丁目1番1号東海大学体育学部柔道研究室法人名称,法人番号,主たる事務所の所在地,代表者,有効期限
山下　泰裕法人名称,法人番号,主たる事務所の所在地,代表者,有効期限
平成21年5月1日から平成26年4月30日まで法人名称,法人番号,主たる事務所の所在地,代表者,有効期限

法人名称,法人番号,主たる事務所の所在地,代表者,有効期限
特定非営利活動法人言論エヌピーオー法人名称,法人番号,主たる事務所の所在地,代表者,有効期限
 法人名称,法人番号,主たる事務所の所在地,代表者,有効期限
東京都中央区日本橋1丁目20番7号法人名称,法人番号,主たる事務所の所在地,代表者,有効期限
工藤　泰志法人名称,法人番号,主たる事務所の所在地,代表者,有効期限
平成17年6月1日から平成26年5月31日まで法人名称,法人番号,主たる事務所の所在地,代表者,有効期限

法人名称,法人番号,主たる事務所の所在地,代表者,有効期限
特定非営利活動法人自然環境復元協会法人名称,法人番号,主たる事務所の所在地,代表者,有効期限
 法人名称,法人番号,主たる事務所の所在地,代表者,有効期限
東京都新宿区高田馬場1丁目3番13号法人名称,法人番号,主たる事務所の所在地,代表者,有効期限
加藤　正之法人名称,法人番号,主たる事務所の所在地,代表者,有効期限
平成19年6月1日から平成26年5月31日まで法人名称,法人番号,主たる事務所の所在地,代表者,有効期限

法人名称,法人番号,主たる事務所の所在地,代表者,有効期限
特定非営利活動法人とちぎボランティアネットワーク法人名称,法人番号,主たる事務所の所在地,代表者,有効期限
 法人名称,法人番号,主たる事務所の所在地,代表者,有効期限
栃木県宇都宮市塙田2丁目5番1号法人名称,法人番号,主たる事務所の所在地,代表者,有効期限
二見　令子法人名称,法人番号,主たる事務所の所在地,代表者,有効期限
平成19年6月1日から平成26年5月31日まで法人名称,法人番号,主たる事務所の所在地,代表者,有効期限

法人名称,法人番号,主たる事務所の所在地,代表者,有効期限
特定非営利活動法人ぶどうのいえ法人名称,法人番号,主たる事務所の所在地,代表者,有効期限
 法人名称,法人番号,主たる事務所の所在地,代表者,有効期限
東京都文京区弥生1丁目3番12号法人名称,法人番号,主たる事務所の所在地,代表者,有効期限
堀内　昭法人名称,法人番号,主たる事務所の所在地,代表者,有効期限
平成17年6月1日から平成26年5月31日まで法人名称,法人番号,主たる事務所の所在地,代表者,有効期限

法人名称,法人番号,主たる事務所の所在地,代表者,有効期限
緑の地球ネットワーク法人名称,法人番号,主たる事務所の所在地,代表者,有効期限
 法人名称,法人番号,主たる事務所の所在地,代表者,有効期限
大阪府大阪市港区市岡1丁目4番24号法人名称,法人番号,主たる事務所の所在地,代表者,有効期限
前中　久行法人名称,法人番号,主たる事務所の所在地,代表者,有効期限
平成17年6月1日から平成26年5月31日まで法人名称,法人番号,主たる事務所の所在地,代表者,有効期限

法人名称,法人番号,主たる事務所の所在地,代表者,有効期限
特定非営利活動法人水俣フォーラム法人名称,法人番号,主たる事務所の所在地,代表者,有効期限
 法人名称,法人番号,主たる事務所の所在地,代表者,有効期限
東京都新宿区高田馬場1丁目34番12号竹内ローリエビル404号室法人名称,法人番号,主たる事務所の所在地,代表者,有効期限
畠山　武道法人名称,法人番号,主たる事務所の所在地,代表者,有効期限
平成19年6月1日から平成26年5月31日まで法人名称,法人番号,主たる事務所の所在地,代表者,有効期限

法人名称,法人番号,主たる事務所の所在地,代表者,有効期限
特定非営利活動法人SOS子どもの村JAPAN法人名称,法人番号,主たる事務所の所在地,代表者,有効期限
 法人名称,法人番号,主たる事務所の所在地,代表者,有効期限
福岡県福岡市中央区今川2丁目14-3サンビル3F法人名称,法人番号,主たる事務所の所在地,代表者,有効期限
満留　昭久法人名称,法人番号,主たる事務所の所在地,代表者,有効期限
平成19年7月1日から平成26年6月30日まで法人名称,法人番号,主たる事務所の所在地,代表者,有効期限

法人名称,法人番号,主たる事務所の所在地,代表者,有効期限
特定非営利活動法人神奈川被害者支援センター法人名称,法人番号,主たる事務所の所在地,代表者,有効期限
 法人名称,法人番号,主たる事務所の所在地,代表者,有効期限
神奈川県横浜市神奈川区鶴屋町2丁目24番2号かながわ県民センター14階法人名称,法人番号,主たる事務所の所在地,代表者,有効期限
榊原　高尋法人名称,法人番号,主たる事務所の所在地,代表者,有効期限
平成19年7月1日から平成26年6月30日まで法人名称,法人番号,主たる事務所の所在地,代表者,有効期限

法人名称,法人番号,主たる事務所の所在地,代表者,有効期限
特定非営利活動法人工芸技能研究所法人名称,法人番号,主たる事務所の所在地,代表者,有効期限
 法人名称,法人番号,主たる事務所の所在地,代表者,有効期限
東京都日野市落川993番地三榮ビル2階法人名称,法人番号,主たる事務所の所在地,代表者,有効期限
和田　伊都子法人名称,法人番号,主たる事務所の所在地,代表者,有効期限
平成19年7月1日から平成26年6月30日まで法人名称,法人番号,主たる事務所の所在地,代表者,有効期限

法人名称,法人番号,主たる事務所の所在地,代表者,有効期限
特定非営利活動法人国連UNHCR協会法人名称,法人番号,主たる事務所の所在地,代表者,有効期限
 法人名称,法人番号,主たる事務所の所在地,代表者,有効期限
東京都港区南青山6丁目10番11号法人名称,法人番号,主たる事務所の所在地,代表者,有効期限
滝澤　三郎法人名称,法人番号,主たる事務所の所在地,代表者,有効期限
平成19年7月1日から平成26年6月30日まで法人名称,法人番号,主たる事務所の所在地,代表者,有効期限

法人名称,法人番号,主たる事務所の所在地,代表者,有効期限
特定非営利活動法人シーピーアイ教育文化交流推進委員会法人名称,法人番号,主たる事務所の所在地,代表者,有効期限
 法人名称,法人番号,主たる事務所の所在地,代表者,有効期限
東京都三鷹市中原2丁目16番9号法人名称,法人番号,主たる事務所の所在地,代表者,有効期限
小西　菊文法人名称,法人番号,主たる事務所の所在地,代表者,有効期限
平成19年7月1日から平成26年6月30日まで法人名称,法人番号,主たる事務所の所在地,代表者,有効期限

法人名称,法人番号,主たる事務所の所在地,代表者,有効期限
特定非営利活動法人数理の翼法人名称,法人番号,主たる事務所の所在地,代表者,有効期限
 法人名称,法人番号,主たる事務所の所在地,代表者,有効期限
東京都港区新橋1丁目17番1号新幸ビル4階法人名称,法人番号,主たる事務所の所在地,代表者,有効期限
上野　雄文法人名称,法人番号,主たる事務所の所在地,代表者,有効期限
平成19年7月1日から平成26年6月30日まで法人名称,法人番号,主たる事務所の所在地,代表者,有効期限

法人名称,法人番号,主たる事務所の所在地,代表者,有効期限
特定非営利活動法人スペシャルオリンピックス日本・東京法人名称,法人番号,主たる事務所の所在地,代表者,有効期限
 法人名称,法人番号,主たる事務所の所在地,代表者,有効期限
東京都江東区東陽2丁目2番20号東京YMCA東陽町センター内法人名称,法人番号,主たる事務所の所在地,代表者,有効期限
岡松　武司法人名称,法人番号,主たる事務所の所在地,代表者,有効期限
平成19年7月1日から平成26年6月30日まで法人名称,法人番号,主たる事務所の所在地,代表者,有効期限

法人名称,法人番号,主たる事務所の所在地,代表者,有効期限
特定非営利活動法人日本ブルキナファソ友好協会法人名称,法人番号,主たる事務所の所在地,代表者,有効期限
 法人名称,法人番号,主たる事務所の所在地,代表者,有効期限
千葉県白井市桜台2丁目6番3-404号法人名称,法人番号,主たる事務所の所在地,代表者,有効期限
松山　則政法人名称,法人番号,主たる事務所の所在地,代表者,有効期限
平成19年7月1日から平成26年6月30日まで法人名称,法人番号,主たる事務所の所在地,代表者,有効期限

法人名称,法人番号,主たる事務所の所在地,代表者,有効期限
特定非営利活動法人東三河後見センタ－法人名称,法人番号,主たる事務所の所在地,代表者,有効期限
 法人名称,法人番号,主たる事務所の所在地,代表者,有効期限
愛知県豊川市豊川町辺通4の4豊川商工会議所3階法人名称,法人番号,主たる事務所の所在地,代表者,有効期限
長谷川　卓也法人名称,法人番号,主たる事務所の所在地,代表者,有効期限
平成19年7月1日から平成26年6月30日まで法人名称,法人番号,主たる事務所の所在地,代表者,有効期限

法人名称,法人番号,主たる事務所の所在地,代表者,有効期限
特定非営利活動法人福岡どうぶつ会議所法人名称,法人番号,主たる事務所の所在地,代表者,有効期限
 法人名称,法人番号,主たる事務所の所在地,代表者,有効期限
福岡県福岡市中央区天神3丁目11番1号法人名称,法人番号,主たる事務所の所在地,代表者,有効期限
島田　隆一法人名称,法人番号,主たる事務所の所在地,代表者,有効期限
平成19年7月1日から平成26年6月30日まで法人名称,法人番号,主たる事務所の所在地,代表者,有効期限

法人名称,法人番号,主たる事務所の所在地,代表者,有効期限
特定非営利活動法人アレルギー支援ネットワーク法人名称,法人番号,主たる事務所の所在地,代表者,有効期限
 法人名称,法人番号,主たる事務所の所在地,代表者,有効期限
愛知県名古屋市中村区大秋町2丁目45番地6法人名称,法人番号,主たる事務所の所在地,代表者,有効期限
須藤　千春法人名称,法人番号,主たる事務所の所在地,代表者,有効期限
平成21年9月1日から平成26年8月31日まで法人名称,法人番号,主たる事務所の所在地,代表者,有効期限

法人名称,法人番号,主たる事務所の所在地,代表者,有効期限
特定非営利活動法人国際連合世界食糧計画WFP協会法人名称,法人番号,主たる事務所の所在地,代表者,有効期限
 法人名称,法人番号,主たる事務所の所在地,代表者,有効期限
神奈川県横浜市西区みなとみらい1丁目1番1号WFP日本事務所内法人名称,法人番号,主たる事務所の所在地,代表者,有効期限
安藤　宏基法人名称,法人番号,主たる事務所の所在地,代表者,有効期限
平成17年9月1日から平成26年8月31日まで法人名称,法人番号,主たる事務所の所在地,代表者,有効期限

法人名称,法人番号,主たる事務所の所在地,代表者,有効期限
特定非営利活動法人ジェン法人名称,法人番号,主たる事務所の所在地,代表者,有効期限
 法人名称,法人番号,主たる事務所の所在地,代表者,有効期限
東京都新宿区揚場町2番16号第二東文堂ビル7階法人名称,法人番号,主たる事務所の所在地,代表者,有効期限
吉岡　健治松本　由貴子法人名称,法人番号,主たる事務所の所在地,代表者,有効期限
平成17年9月1日から平成26年8月31日まで法人名称,法人番号,主たる事務所の所在地,代表者,有効期限

法人名称,法人番号,主たる事務所の所在地,代表者,有効期限
特定非営利活動法人富士山世界遺産国民会議法人名称,法人番号,主たる事務所の所在地,代表者,有効期限
 法人名称,法人番号,主たる事務所の所在地,代表者,有効期限
東京都港区虎ノ門3丁目11番15号4階法人名称,法人番号,主たる事務所の所在地,代表者,有効期限
遠山　敦子法人名称,法人番号,主たる事務所の所在地,代表者,有効期限
平成21年9月1日から平成26年8月31日まで法人名称,法人番号,主たる事務所の所在地,代表者,有効期限

法人名称,法人番号,主たる事務所の所在地,代表者,有効期限
特定非営利活動法人ホームレス自立支援市川ガンバの会法人名称,法人番号,主たる事務所の所在地,代表者,有効期限
 法人名称,法人番号,主たる事務所の所在地,代表者,有効期限
千葉県市川市八幡3丁目28番23号本八幡イーストビル3階法人名称,法人番号,主たる事務所の所在地,代表者,有効期限
副田　一朗法人名称,法人番号,主たる事務所の所在地,代表者,有効期限
平成21年9月1日から平成26年8月31日まで法人名称,法人番号,主たる事務所の所在地,代表者,有効期限

法人名称,法人番号,主たる事務所の所在地,代表者,有効期限
特定非営利活動法人おんがくの共同作業場法人名称,法人番号,主たる事務所の所在地,代表者,有効期限
 法人名称,法人番号,主たる事務所の所在地,代表者,有効期限
東京都立川市曙町2丁目25番1号法人名称,法人番号,主たる事務所の所在地,代表者,有効期限
郡司　博法人名称,法人番号,主たる事務所の所在地,代表者,有効期限
平成21年10月1日から平成26年9月30日まで法人名称,法人番号,主たる事務所の所在地,代表者,有効期限

法人名称,法人番号,主たる事務所の所在地,代表者,有効期限
特定非営利活動法人災害福祉広域支援ネットワーク・サンダーバード法人名称,法人番号,主たる事務所の所在地,代表者,有効期限
 法人名称,法人番号,主たる事務所の所在地,代表者,有効期限
東京都台東区谷中3丁目6番16号法人名称,法人番号,主たる事務所の所在地,代表者,有効期限
小山　剛法人名称,法人番号,主たる事務所の所在地,代表者,有効期限
平成21年10月1日から平成26年9月30日まで法人名称,法人番号,主たる事務所の所在地,代表者,有効期限

法人名称,法人番号,主たる事務所の所在地,代表者,有効期限
特定非営利活動法人天然薬用資源開発機構法人名称,法人番号,主たる事務所の所在地,代表者,有効期限
 法人名称,法人番号,主たる事務所の所在地,代表者,有効期限
京都府京都市上京区椹木町通黒門東入中御門横町574番地1ファルマフードビル法人名称,法人番号,主たる事務所の所在地,代表者,有効期限
山原　條二法人名称,法人番号,主たる事務所の所在地,代表者,有効期限
平成19年10月1日から平成26年9月30日まで法人名称,法人番号,主たる事務所の所在地,代表者,有効期限

法人名称,法人番号,主たる事務所の所在地,代表者,有効期限
特定非営利活動法人日本国際ボランティアセンター法人名称,法人番号,主たる事務所の所在地,代表者,有効期限
 法人名称,法人番号,主たる事務所の所在地,代表者,有効期限
東京都台東区上野5丁目3番4号法人名称,法人番号,主たる事務所の所在地,代表者,有効期限
谷山　博史法人名称,法人番号,主たる事務所の所在地,代表者,有効期限
平成17年10月1日から平成26年9月30日まで法人名称,法人番号,主たる事務所の所在地,代表者,有効期限

法人名称,法人番号,主たる事務所の所在地,代表者,有効期限
特定非営利活動法人愛・地球博ボランティアセンター法人名称,法人番号,主たる事務所の所在地,代表者,有効期限
 法人名称,法人番号,主たる事務所の所在地,代表者,有効期限
愛知県名古屋市中広三の丸1丁目7番地2号法人名称,法人番号,主たる事務所の所在地,代表者,有効期限
榎田　勝利法人名称,法人番号,主たる事務所の所在地,代表者,有効期限
平成21年11月1日から平成26年10月31日まで法人名称,法人番号,主たる事務所の所在地,代表者,有効期限

法人名称,法人番号,主たる事務所の所在地,代表者,有効期限
特定非営利活動法人子どものいのちを守る会法人名称,法人番号,主たる事務所の所在地,代表者,有効期限
 法人名称,法人番号,主たる事務所の所在地,代表者,有効期限
東京都新宿区矢来町123番地矢来ビル3階法人名称,法人番号,主たる事務所の所在地,代表者,有効期限
村井　寅法人名称,法人番号,主たる事務所の所在地,代表者,有効期限
平成19年11月1日から平成26年10月31日まで法人名称,法人番号,主たる事務所の所在地,代表者,有効期限

法人名称,法人番号,主たる事務所の所在地,代表者,有効期限
特定非営利活動法人日本ホルモンステーション法人名称,法人番号,主たる事務所の所在地,代表者,有効期限
 法人名称,法人番号,主たる事務所の所在地,代表者,有効期限
京都府京都市左京区下鵜森本町15番地財団法人生産開発科学研究所内法人名称,法人番号,主たる事務所の所在地,代表者,有効期限
中尾　一和法人名称,法人番号,主たる事務所の所在地,代表者,有効期限
平成19年11月1日から平成26年10月31日まで法人名称,法人番号,主たる事務所の所在地,代表者,有効期限

法人名称,法人番号,主たる事務所の所在地,代表者,有効期限
特定非営利活動法人アジアの新しい風法人名称,法人番号,主たる事務所の所在地,代表者,有効期限
 法人名称,法人番号,主たる事務所の所在地,代表者,有効期限
東京都世田谷区弦巻2丁目18番22-414号法人名称,法人番号,主たる事務所の所在地,代表者,有効期限
林　雄二郎法人名称,法人番号,主たる事務所の所在地,代表者,有効期限
平成21年12月1日から平成26年11月30日まで法人名称,法人番号,主たる事務所の所在地,代表者,有効期限

法人名称,法人番号,主たる事務所の所在地,代表者,有効期限
特定非営利活動法人アンビシャス法人名称,法人番号,主たる事務所の所在地,代表者,有効期限
 法人名称,法人番号,主たる事務所の所在地,代表者,有効期限
沖縄県那覇市牧志3丁目24番29号グレイスハイム喜納2（1階）法人名称,法人番号,主たる事務所の所在地,代表者,有効期限
迫　幸治法人名称,法人番号,主たる事務所の所在地,代表者,有効期限
平成21年12月1日から平成26年11月30日まで法人名称,法人番号,主たる事務所の所在地,代表者,有効期限

法人名称,法人番号,主たる事務所の所在地,代表者,有効期限
特定非営利活動法人市民オンブズマン福岡法人名称,法人番号,主たる事務所の所在地,代表者,有効期限
 法人名称,法人番号,主たる事務所の所在地,代表者,有効期限
福岡県福岡市中央区警固2丁目17番26-305号法人名称,法人番号,主たる事務所の所在地,代表者,有効期限
児嶋　研二法人名称,法人番号,主たる事務所の所在地,代表者,有効期限
平成15年12月1日から平成26年11月30日まで法人名称,法人番号,主たる事務所の所在地,代表者,有効期限

法人名称,法人番号,主たる事務所の所在地,代表者,有効期限
特定非営利活動法人難民を助ける会法人名称,法人番号,主たる事務所の所在地,代表者,有効期限
 法人名称,法人番号,主たる事務所の所在地,代表者,有効期限
東京都品川区上大崎2丁目12番2号ミズホビル7階法人名称,法人番号,主たる事務所の所在地,代表者,有効期限
志邨　有紀枝法人名称,法人番号,主たる事務所の所在地,代表者,有効期限
平成15年12月1日から平成26年11月30日まで法人名称,法人番号,主たる事務所の所在地,代表者,有効期限

法人名称,法人番号,主たる事務所の所在地,代表者,有効期限
特定非営利活動法人ふれあい自然塾法人名称,法人番号,主たる事務所の所在地,代表者,有効期限
 法人名称,法人番号,主たる事務所の所在地,代表者,有効期限
神奈川県相模原市西橋本1丁目16番18号法人名称,法人番号,主たる事務所の所在地,代表者,有効期限
松井　利夫法人名称,法人番号,主たる事務所の所在地,代表者,有効期限
平成21年12月1日から平成26年11月30日まで法人名称,法人番号,主たる事務所の所在地,代表者,有効期限

法人名称,法人番号,主たる事務所の所在地,代表者,有効期限
特定非営利活動法人フードバンク関西法人名称,法人番号,主たる事務所の所在地,代表者,有効期限
 法人名称,法人番号,主たる事務所の所在地,代表者,有効期限
兵庫県芦屋市呉川町1番15号法人名称,法人番号,主たる事務所の所在地,代表者,有効期限
藤田　治法人名称,法人番号,主たる事務所の所在地,代表者,有効期限
平成19年12月1日から平成26年11月30日まで法人名称,法人番号,主たる事務所の所在地,代表者,有効期限

法人名称,法人番号,主たる事務所の所在地,代表者,有効期限
特定非営利活動法人健康医療評価研究機構法人名称,法人番号,主たる事務所の所在地,代表者,有効期限
 法人名称,法人番号,主たる事務所の所在地,代表者,有効期限
東京都豊島区池袋2丁目17-2ルポゼ101法人名称,法人番号,主たる事務所の所在地,代表者,有効期限
大木　孝太郎法人名称,法人番号,主たる事務所の所在地,代表者,有効期限
平成22年1月1日から平成26年12月31日まで法人名称,法人番号,主たる事務所の所在地,代表者,有効期限

法人名称,法人番号,主たる事務所の所在地,代表者,有効期限
特定非営利活動法人JHP・学校をつくる会法人名称,法人番号,主たる事務所の所在地,代表者,有効期限
 法人名称,法人番号,主たる事務所の所在地,代表者,有効期限
東京都港区芝5丁目26番16号法人名称,法人番号,主たる事務所の所在地,代表者,有効期限
笹平　美江子法人名称,法人番号,主たる事務所の所在地,代表者,有効期限
平成16年1月1日から平成26年12月31日まで法人名称,法人番号,主たる事務所の所在地,代表者,有効期限

法人名称,法人番号,主たる事務所の所在地,代表者,有効期限
特定非営利活動法人日本テニスウェルネス協会法人名称,法人番号,主たる事務所の所在地,代表者,有効期限
 法人名称,法人番号,主たる事務所の所在地,代表者,有効期限
東京都世田谷区松原5丁目23番2号法人名称,法人番号,主たる事務所の所在地,代表者,有効期限
松枝　法人名称,法人番号,主たる事務所の所在地,代表者,有効期限
平成14年1月1日から平成26年12月31日まで法人名称,法人番号,主たる事務所の所在地,代表者,有効期限

法人名称,法人番号,主たる事務所の所在地,代表者,有効期限
特定非営利活動法人ピープルズ・ホープ・ジャパン法人名称,法人番号,主たる事務所の所在地,代表者,有効期限
 法人名称,法人番号,主たる事務所の所在地,代表者,有効期限
東京都武蔵野市中町2丁目9番32号法人名称,法人番号,主たる事務所の所在地,代表者,有効期限
小田　晋吾法人名称,法人番号,主たる事務所の所在地,代表者,有効期限
平成14年1月1日から平成26年12月31日まで法人名称,法人番号,主たる事務所の所在地,代表者,有効期限

法人名称,法人番号,主たる事務所の所在地,代表者,有効期限
特定非営利活動法人府中国際友好交流会法人名称,法人番号,主たる事務所の所在地,代表者,有効期限
 法人名称,法人番号,主たる事務所の所在地,代表者,有効期限
東京都府中市府中町2丁目2番地法人名称,法人番号,主たる事務所の所在地,代表者,有効期限
内藤　和良法人名称,法人番号,主たる事務所の所在地,代表者,有効期限
平成22年1月1日から平成26年12月31日まで法人名称,法人番号,主たる事務所の所在地,代表者,有効期限

法人名称,法人番号,主たる事務所の所在地,代表者,有効期限
特定非営利活動法人メドゥサン・デュ・モンド ジャポン法人名称,法人番号,主たる事務所の所在地,代表者,有効期限
 法人名称,法人番号,主たる事務所の所在地,代表者,有効期限
東京都港区東麻布2丁目6番10号法人名称,法人番号,主たる事務所の所在地,代表者,有効期限
オスタン・ガエル・マリー・クリストフ法人名称,法人番号,主たる事務所の所在地,代表者,有効期限
平成20年1月1日から平成26年12月31日まで法人名称,法人番号,主たる事務所の所在地,代表者,有効期限

法人名称,法人番号,主たる事務所の所在地,代表者,有効期限
特定非営利活動法人国境なき子どもたち法人名称,法人番号,主たる事務所の所在地,代表者,有効期限
 法人名称,法人番号,主たる事務所の所在地,代表者,有効期限
東京都新宿区下落合4丁目3番22号法人名称,法人番号,主たる事務所の所在地,代表者,有効期限
寺田　朗子法人名称,法人番号,主たる事務所の所在地,代表者,有効期限
平成22年1月16日から平成27年1月15日まで法人名称,法人番号,主たる事務所の所在地,代表者,有効期限

法人名称,法人番号,主たる事務所の所在地,代表者,有効期限
特定非営利活動法人子ども虐待ネグレクト防止ネットワーク法人名称,法人番号,主たる事務所の所在地,代表者,有効期限
 法人名称,法人番号,主たる事務所の所在地,代表者,有効期限
神奈川県伊勢原市伊勢原1丁目3番47号法人名称,法人番号,主たる事務所の所在地,代表者,有効期限
山田　不二子法人名称,法人番号,主たる事務所の所在地,代表者,有効期限
平成22年1月16日から平成27年1月15日まで法人名称,法人番号,主たる事務所の所在地,代表者,有効期限

法人名称,法人番号,主たる事務所の所在地,代表者,有効期限
特定非営利活動法人TABLE FOR TWO International法人名称,法人番号,主たる事務所の所在地,代表者,有効期限
 法人名称,法人番号,主たる事務所の所在地,代表者,有効期限
東京都港区赤坂9丁目6番30-308号法人名称,法人番号,主たる事務所の所在地,代表者,有効期限
小暮　真久法人名称,法人番号,主たる事務所の所在地,代表者,有効期限
平成22年1月16日から平成27年1月15日まで法人名称,法人番号,主たる事務所の所在地,代表者,有効期限

法人名称,法人番号,主たる事務所の所在地,代表者,有効期限
特定非営利活動法人CAPNA法人名称,法人番号,主たる事務所の所在地,代表者,有効期限
 法人名称,法人番号,主たる事務所の所在地,代表者,有効期限
愛知県名古屋市中区丸の内1丁目4番4号法人名称,法人番号,主たる事務所の所在地,代表者,有効期限
高橋　昌久法人名称,法人番号,主たる事務所の所在地,代表者,有効期限
平成22年2月1日から平成27年1月31日まで法人名称,法人番号,主たる事務所の所在地,代表者,有効期限

法人名称,法人番号,主たる事務所の所在地,代表者,有効期限
特定非営利活動法人日本アニマルトラスト法人名称,法人番号,主たる事務所の所在地,代表者,有効期限
 法人名称,法人番号,主たる事務所の所在地,代表者,有効期限
大阪府豊能郡能勢町野間大原117番地法人名称,法人番号,主たる事務所の所在地,代表者,有効期限
甲斐　尚子法人名称,法人番号,主たる事務所の所在地,代表者,有効期限
平成16年2月1日から平成27年1月31日まで法人名称,法人番号,主たる事務所の所在地,代表者,有効期限

法人名称,法人番号,主たる事務所の所在地,代表者,有効期限
特定非営利活動法人リブ・フォー・ライフ美奈子基金法人名称,法人番号,主たる事務所の所在地,代表者,有効期限
 法人名称,法人番号,主たる事務所の所在地,代表者,有効期限
東京都渋谷区広尾5丁目24番3号ハイシティ広尾Ⅰ-301法人名称,法人番号,主たる事務所の所在地,代表者,有効期限
服部　克久法人名称,法人番号,主たる事務所の所在地,代表者,有効期限
平成22年2月1日から平成27年1月31日まで法人名称,法人番号,主たる事務所の所在地,代表者,有効期限

法人名称,法人番号,主たる事務所の所在地,代表者,有効期限
特定非営利活動法人ロースクール奨学金ちゅうぶ法人名称,法人番号,主たる事務所の所在地,代表者,有効期限
 法人名称,法人番号,主たる事務所の所在地,代表者,有効期限
愛知県名古屋市中区丸の内3丁目20番17号法人名称,法人番号,主たる事務所の所在地,代表者,有効期限
那須　國宏法人名称,法人番号,主たる事務所の所在地,代表者,有効期限
平成18年2月1日から平成27年1月31日まで法人名称,法人番号,主たる事務所の所在地,代表者,有効期限

法人名称,法人番号,主たる事務所の所在地,代表者,有効期限
特定非営利活動法人アジア教育友好協会法人名称,法人番号,主たる事務所の所在地,代表者,有効期限
 法人名称,法人番号,主たる事務所の所在地,代表者,有効期限
東京都港区芝3丁目3番10号芝園オーシャンビル8階法人名称,法人番号,主たる事務所の所在地,代表者,有効期限
谷川　洋法人名称,法人番号,主たる事務所の所在地,代表者,有効期限
平成22年3月1日から平成27年2月28日まで法人名称,法人番号,主たる事務所の所在地,代表者,有効期限

法人名称,法人番号,主たる事務所の所在地,代表者,有効期限
特定非営利活動法人アフリカ野球友の会法人名称,法人番号,主たる事務所の所在地,代表者,有効期限
 法人名称,法人番号,主たる事務所の所在地,代表者,有効期限
東京都世田谷区松原5丁目25番21号法人名称,法人番号,主たる事務所の所在地,代表者,有効期限
友成　晋也法人名称,法人番号,主たる事務所の所在地,代表者,有効期限
平成22年3月1日から平成27年2月28日まで法人名称,法人番号,主たる事務所の所在地,代表者,有効期限

法人名称,法人番号,主たる事務所の所在地,代表者,有効期限
特定非営利活動法人えひめイヌ・ネコの会法人名称,法人番号,主たる事務所の所在地,代表者,有効期限
 法人名称,法人番号,主たる事務所の所在地,代表者,有効期限
愛媛県松山市石手白石118番地3法人名称,法人番号,主たる事務所の所在地,代表者,有効期限
髙岸　ちはり法人名称,法人番号,主たる事務所の所在地,代表者,有効期限
平成20年3月1日から平成27年2月28日まで法人名称,法人番号,主たる事務所の所在地,代表者,有効期限

法人名称,法人番号,主たる事務所の所在地,代表者,有効期限
特定非営利活動法人幼い難民を考える会法人名称,法人番号,主たる事務所の所在地,代表者,有効期限
 法人名称,法人番号,主たる事務所の所在地,代表者,有効期限
東京都文京区音羽1丁目10番4号池田ビル3階法人名称,法人番号,主たる事務所の所在地,代表者,有効期限
深水　正勝法人名称,法人番号,主たる事務所の所在地,代表者,有効期限
平成18年3月1日から平成27年2月28日まで法人名称,法人番号,主たる事務所の所在地,代表者,有効期限

法人名称,法人番号,主たる事務所の所在地,代表者,有効期限
特定非営利活動法人神奈川海難救助隊法人名称,法人番号,主たる事務所の所在地,代表者,有効期限
 法人名称,法人番号,主たる事務所の所在地,代表者,有効期限
神奈川県横浜市神奈川区東神奈川1丁目8番地1法人名称,法人番号,主たる事務所の所在地,代表者,有効期限
信田　清治法人名称,法人番号,主たる事務所の所在地,代表者,有効期限
平成22年3月1日から平成27年2月28日まで法人名称,法人番号,主たる事務所の所在地,代表者,有効期限

法人名称,法人番号,主たる事務所の所在地,代表者,有効期限
特定非営利活動法人サイド・バイ・サイド・インターナショナル法人名称,法人番号,主たる事務所の所在地,代表者,有効期限
 法人名称,法人番号,主たる事務所の所在地,代表者,有効期限
東京都世田谷区千歳台1丁目16番7号203法人名称,法人番号,主たる事務所の所在地,代表者,有効期限
佐々木　浩二法人名称,法人番号,主たる事務所の所在地,代表者,有効期限
平成22年3月1日から平成27年2月28日まで法人名称,法人番号,主たる事務所の所在地,代表者,有効期限

法人名称,法人番号,主たる事務所の所在地,代表者,有効期限
特定非営利活動法人患者の権利オンブズマン法人名称,法人番号,主たる事務所の所在地,代表者,有効期限
 法人名称,法人番号,主たる事務所の所在地,代表者,有効期限
福岡県福岡市東区馬出2丁目1番22号法人名称,法人番号,主たる事務所の所在地,代表者,有効期限
久保井　摂法人名称,法人番号,主たる事務所の所在地,代表者,有効期限
平成16年3月1日から平成20年2月29日まで平成20年3月11日から平成27年3月10日まで法人名称,法人番号,主たる事務所の所在地,代表者,有効期限

法人名称,法人番号,主たる事務所の所在地,代表者,有効期限
特定非営利活動法人ビー・エイチ・エヌテレコム支援協議会法人名称,法人番号,主たる事務所の所在地,代表者,有効期限
 法人名称,法人番号,主たる事務所の所在地,代表者,有効期限
東京都台東区上野5丁目24番11号NTT上野ビル法人名称,法人番号,主たる事務所の所在地,代表者,有効期限
藤田　聰法人名称,法人番号,主たる事務所の所在地,代表者,有効期限
平成22年3月16日から平成27年3月15日まで法人名称,法人番号,主たる事務所の所在地,代表者,有効期限

法人名称,法人番号,主たる事務所の所在地,代表者,有効期限
特定非営利活動法人マナーキッズプロジェクト法人名称,法人番号,主たる事務所の所在地,代表者,有効期限
 法人名称,法人番号,主たる事務所の所在地,代表者,有効期限
東京都杉並区高円寺北3丁目22番3号デルコホームズ法人名称,法人番号,主たる事務所の所在地,代表者,有効期限
田中　日出男法人名称,法人番号,主たる事務所の所在地,代表者,有効期限
平成22年3月16日から平成27年3月15日まで法人名称,法人番号,主たる事務所の所在地,代表者,有効期限

法人名称,法人番号,主たる事務所の所在地,代表者,有効期限
特定非営利活動法人三重いのちの電話協会法人名称,法人番号,主たる事務所の所在地,代表者,有効期限
 法人名称,法人番号,主たる事務所の所在地,代表者,有効期限
三重県津市栄町2丁目434番地法人名称,法人番号,主たる事務所の所在地,代表者,有効期限
鈴木　秀昭法人名称,法人番号,主たる事務所の所在地,代表者,有効期限
平成22年3月16日から平成27年3月15日まで法人名称,法人番号,主たる事務所の所在地,代表者,有効期限

法人名称,法人番号,主たる事務所の所在地,代表者,有効期限
特定非営利活動法人npoやまと法人名称,法人番号,主たる事務所の所在地,代表者,有効期限
 法人名称,法人番号,主たる事務所の所在地,代表者,有効期限
奈良県大和高田市大字大中76番地法人名称,法人番号,主たる事務所の所在地,代表者,有効期限
西田　先作法人名称,法人番号,主たる事務所の所在地,代表者,有効期限
平成22年4月1日から平成27年3月31日まで法人名称,法人番号,主たる事務所の所在地,代表者,有効期限

法人名称,法人番号,主たる事務所の所在地,代表者,有効期限
特定非営利活動法人環境リレーションズ研究所法人名称,法人番号,主たる事務所の所在地,代表者,有効期限
 法人名称,法人番号,主たる事務所の所在地,代表者,有効期限
東京都千代田区神田錦町1丁目27番4号法人名称,法人番号,主たる事務所の所在地,代表者,有効期限
伊東　敦子法人名称,法人番号,主たる事務所の所在地,代表者,有効期限
平成22年4月1日から平成27年3月31日まで法人名称,法人番号,主たる事務所の所在地,代表者,有効期限

法人名称,法人番号,主たる事務所の所在地,代表者,有効期限
特定非営利活動法人蔵前バイオマスエネルギー技術サポートネットワーク法人名称,法人番号,主たる事務所の所在地,代表者,有効期限
 法人名称,法人番号,主たる事務所の所在地,代表者,有効期限
東京都目黒区大岡山2丁目12番1号東工大蔵前会館4階法人名称,法人番号,主たる事務所の所在地,代表者,有効期限
吉川　浩法人名称,法人番号,主たる事務所の所在地,代表者,有効期限
平成20年4月1日から平成27年3月31日まで法人名称,法人番号,主たる事務所の所在地,代表者,有効期限

法人名称,法人番号,主たる事務所の所在地,代表者,有効期限
特定非営利活動法人国際インフラパートナーズ法人名称,法人番号,主たる事務所の所在地,代表者,有効期限
 法人名称,法人番号,主たる事務所の所在地,代表者,有効期限
東京都新宿区馬場下町1番地1早稲田SIAビル法人名称,法人番号,主たる事務所の所在地,代表者,有効期限
小室　彬法人名称,法人番号,主たる事務所の所在地,代表者,有効期限
平成22年4月1日から平成27年3月31日まで法人名称,法人番号,主たる事務所の所在地,代表者,有効期限

法人名称,法人番号,主たる事務所の所在地,代表者,有効期限
特定非営利活動法人国際ビフレンダーズ東京自殺防止センター法人名称,法人番号,主たる事務所の所在地,代表者,有効期限
 法人名称,法人番号,主たる事務所の所在地,代表者,有効期限
東京都新宿区大久保3丁目10番1号法人名称,法人番号,主たる事務所の所在地,代表者,有効期限
加藤　勇三法人名称,法人番号,主たる事務所の所在地,代表者,有効期限
平成20年4月1日から平成27年3月31日まで法人名称,法人番号,主たる事務所の所在地,代表者,有効期限

法人名称,法人番号,主たる事務所の所在地,代表者,有効期限
特定非営利活動法人多言語社会リソースかながわ法人名称,法人番号,主たる事務所の所在地,代表者,有効期限
 法人名称,法人番号,主たる事務所の所在地,代表者,有効期限
神奈川県横浜市神奈川区鶴屋町3丁目30番1号神奈川県農業機械会館5階3号室法人名称,法人番号,主たる事務所の所在地,代表者,有効期限
松野　勝民法人名称,法人番号,主たる事務所の所在地,代表者,有効期限
平成20年4月1日から平成27年3月31日まで法人名称,法人番号,主たる事務所の所在地,代表者,有効期限

法人名称,法人番号,主たる事務所の所在地,代表者,有効期限
特定非営利活動法人チャイルド・ファンド・ジャパン法人名称,法人番号,主たる事務所の所在地,代表者,有効期限
 法人名称,法人番号,主たる事務所の所在地,代表者,有効期限
東京都杉並区善福寺2丁目17番5号法人名称,法人番号,主たる事務所の所在地,代表者,有効期限
髙田　和彦法人名称,法人番号,主たる事務所の所在地,代表者,有効期限
平成21年4月1日から平成27年7月31日まで法人名称,法人番号,主たる事務所の所在地,代表者,有効期限

法人名称,法人番号,主たる事務所の所在地,代表者,有効期限
特定非営利活動法人東京盲ろう者友の会法人名称,法人番号,主たる事務所の所在地,代表者,有効期限
 法人名称,法人番号,主たる事務所の所在地,代表者,有効期限
東京都台東区浅草橋1丁目32番6号コスモス浅草橋酒井ビル法人名称,法人番号,主たる事務所の所在地,代表者,有効期限
藤鹿　一之法人名称,法人番号,主たる事務所の所在地,代表者,有効期限
平成20年4月1日から平成27年3月31日まで法人名称,法人番号,主たる事務所の所在地,代表者,有効期限

法人名称,法人番号,主たる事務所の所在地,代表者,有効期限
特定非営利活動法人日本口唇口蓋裂協会法人名称,法人番号,主たる事務所の所在地,代表者,有効期限
 法人名称,法人番号,主たる事務所の所在地,代表者,有効期限
愛知県名古屋市千種区末盛通2丁目11番地愛知学院大学歯学部法人名称,法人番号,主たる事務所の所在地,代表者,有効期限
川口　文夫法人名称,法人番号,主たる事務所の所在地,代表者,有効期限
平成22年4月1日から平成27年3月31日まで法人名称,法人番号,主たる事務所の所在地,代表者,有効期限

法人名称,法人番号,主たる事務所の所在地,代表者,有効期限
特定非営利活動法人ピースウィンズ・ジャパン法人名称,法人番号,主たる事務所の所在地,代表者,有効期限
 法人名称,法人番号,主たる事務所の所在地,代表者,有効期限
広島県神石郡神石高原町近田1161-2法人名称,法人番号,主たる事務所の所在地,代表者,有効期限
大西　健丞法人名称,法人番号,主たる事務所の所在地,代表者,有効期限
平成22年4月1日から平成27年3月31日まで法人名称,法人番号,主たる事務所の所在地,代表者,有効期限

法人名称,法人番号,主たる事務所の所在地,代表者,有効期限
特定非営利活動法人イーパーツ法人名称,法人番号,主たる事務所の所在地,代表者,有効期限
 法人名称,法人番号,主たる事務所の所在地,代表者,有効期限
東京都世田谷区三軒茶屋2丁目55番8号法人名称,法人番号,主たる事務所の所在地,代表者,有効期限
佐々木　良一法人名称,法人番号,主たる事務所の所在地,代表者,有効期限
平成22年4月16日から平成27年4月15日まで法人名称,法人番号,主たる事務所の所在地,代表者,有効期限

法人名称,法人番号,主たる事務所の所在地,代表者,有効期限
特定非営利活動法人ACE法人名称,法人番号,主たる事務所の所在地,代表者,有効期限
 法人名称,法人番号,主たる事務所の所在地,代表者,有効期限
東京都台東区東上野1丁目6番4号あつきビル3階法人名称,法人番号,主たる事務所の所在地,代表者,有効期限
尾上　由香法人名称,法人番号,主たる事務所の所在地,代表者,有効期限
平成22年4月16日から平成27年4月15日まで法人名称,法人番号,主たる事務所の所在地,代表者,有効期限

法人名称,法人番号,主たる事務所の所在地,代表者,有効期限
特定非営利活動法人世界遺産長崎チャーチトラスト法人名称,法人番号,主たる事務所の所在地,代表者,有効期限
 法人名称,法人番号,主たる事務所の所在地,代表者,有効期限
長崎県長崎市元船町17番1号財団法人ながさき地域政策研究所内法人名称,法人番号,主たる事務所の所在地,代表者,有効期限
福地　茂雄法人名称,法人番号,主たる事務所の所在地,代表者,有効期限
平成22年4月16日から平成27年4月15日まで法人名称,法人番号,主たる事務所の所在地,代表者,有効期限

法人名称,法人番号,主たる事務所の所在地,代表者,有効期限
特定非営利活動法人全国骨髄バンク推進連絡協議会法人名称,法人番号,主たる事務所の所在地,代表者,有効期限
 法人名称,法人番号,主たる事務所の所在地,代表者,有効期限
東京都千代田区東神田1丁目3番4号KTビル3階法人名称,法人番号,主たる事務所の所在地,代表者,有効期限
野村　正満法人名称,法人番号,主たる事務所の所在地,代表者,有効期限
平成22年4月16日から平成27年4月15日まで法人名称,法人番号,主たる事務所の所在地,代表者,有効期限

法人名称,法人番号,主たる事務所の所在地,代表者,有効期限
特定非営利活動法人地球ボランティア協会法人名称,法人番号,主たる事務所の所在地,代表者,有効期限
 法人名称,法人番号,主たる事務所の所在地,代表者,有効期限
兵庫県芦屋市船戸町3番25号502法人名称,法人番号,主たる事務所の所在地,代表者,有効期限
稲畑　汀子法人名称,法人番号,主たる事務所の所在地,代表者,有効期限
平成22年4月16日から平成27年4月15日まで法人名称,法人番号,主たる事務所の所在地,代表者,有効期限

法人名称,法人番号,主たる事務所の所在地,代表者,有効期限
NPO法人ハッピーマンマ法人名称,法人番号,主たる事務所の所在地,代表者,有効期限
 法人名称,法人番号,主たる事務所の所在地,代表者,有効期限
福岡県福岡市南区野多目1丁目12番15-203号法人名称,法人番号,主たる事務所の所在地,代表者,有効期限
大野　真司法人名称,法人番号,主たる事務所の所在地,代表者,有効期限
平成22年4月16日から平成27年4月15日まで法人名称,法人番号,主たる事務所の所在地,代表者,有効期限

法人名称,法人番号,主たる事務所の所在地,代表者,有効期限
特定非営利活動法人ふるさと東京を考える実行委員会法人名称,法人番号,主たる事務所の所在地,代表者,有効期限
 法人名称,法人番号,主たる事務所の所在地,代表者,有効期限
東京都江戸川区中葛西6丁目7番12号ビッグバン株式会社内法人名称,法人番号,主たる事務所の所在地,代表者,有効期限
関口　雄三法人名称,法人番号,主たる事務所の所在地,代表者,有効期限
平成22年4月16日から平成27年4月15日まで法人名称,法人番号,主たる事務所の所在地,代表者,有効期限

法人名称,法人番号,主たる事務所の所在地,代表者,有効期限
特定非営利活動法人ヴォース・ニッポン法人名称,法人番号,主たる事務所の所在地,代表者,有効期限
 法人名称,法人番号,主たる事務所の所在地,代表者,有効期限
神奈川県小田原市栄町1丁目18番7号エムズタワー1001法人名称,法人番号,主たる事務所の所在地,代表者,有効期限
中島　直彦法人名称,法人番号,主たる事務所の所在地,代表者,有効期限
平成20年5月1日から平成27年4月30日まで法人名称,法人番号,主たる事務所の所在地,代表者,有効期限

法人名称,法人番号,主たる事務所の所在地,代表者,有効期限
特定非営利活動法人きょうとグリーンファンド法人名称,法人番号,主たる事務所の所在地,代表者,有効期限
 法人名称,法人番号,主たる事務所の所在地,代表者,有効期限
京都府京都市下京区五条高倉角堺町21番地事務機のウエダビル206法人名称,法人番号,主たる事務所の所在地,代表者,有効期限
板倉　豊法人名称,法人番号,主たる事務所の所在地,代表者,有効期限
平成20年5月1日から平成27年4月30日まで法人名称,法人番号,主たる事務所の所在地,代表者,有効期限

法人名称,法人番号,主たる事務所の所在地,代表者,有効期限
特定非営利活動法人くびき野エヌピーオーサポートセンター法人名称,法人番号,主たる事務所の所在地,代表者,有効期限
 法人名称,法人番号,主たる事務所の所在地,代表者,有効期限
新潟県上越市西城町2丁目3番9号法人名称,法人番号,主たる事務所の所在地,代表者,有効期限
秋山　三枝子法人名称,法人番号,主たる事務所の所在地,代表者,有効期限
平成20年5月1日から平成27年4月30日まで法人名称,法人番号,主たる事務所の所在地,代表者,有効期限

法人名称,法人番号,主たる事務所の所在地,代表者,有効期限
特定非営利活動法人世界アマチュアオーケストラ連盟法人名称,法人番号,主たる事務所の所在地,代表者,有効期限
 法人名称,法人番号,主たる事務所の所在地,代表者,有効期限
愛知県豊橋市立花町46番地光陽ビル3階法人名称,法人番号,主たる事務所の所在地,代表者,有効期限
神野　信郎法人名称,法人番号,主たる事務所の所在地,代表者,有効期限
平成22年5月1日から平成27年4月30日まで法人名称,法人番号,主たる事務所の所在地,代表者,有効期限

法人名称,法人番号,主たる事務所の所在地,代表者,有効期限
特定非営利活動法人高木仁三郎市民科学基金法人名称,法人番号,主たる事務所の所在地,代表者,有効期限
 法人名称,法人番号,主たる事務所の所在地,代表者,有効期限
東京都新宿区四ツ谷1丁目21番戸田ビル4階法人名称,法人番号,主たる事務所の所在地,代表者,有効期限
河合　弘之法人名称,法人番号,主たる事務所の所在地,代表者,有効期限
平成18年5月1日から平成27年4月30日まで法人名称,法人番号,主たる事務所の所在地,代表者,有効期限

法人名称,法人番号,主たる事務所の所在地,代表者,有効期限
特定非営利活動法人難民支援協会法人名称,法人番号,主たる事務所の所在地,代表者,有効期限
 法人名称,法人番号,主たる事務所の所在地,代表者,有効期限
東京都新宿区四谷1丁目7番地法人名称,法人番号,主たる事務所の所在地,代表者,有効期限
伊藤　えり法人名称,法人番号,主たる事務所の所在地,代表者,有効期限
平成20年5月1日から平成27年4月30日まで法人名称,法人番号,主たる事務所の所在地,代表者,有効期限

法人名称,法人番号,主たる事務所の所在地,代表者,有効期限
特定非営利活動法人日本ガーディアン・エンジェルス法人名称,法人番号,主たる事務所の所在地,代表者,有効期限
 法人名称,法人番号,主たる事務所の所在地,代表者,有効期限
東京都中央区新川1丁目29番13号永代橋エコピアザビル地下1階法人名称,法人番号,主たる事務所の所在地,代表者,有効期限
小田　啓二法人名称,法人番号,主たる事務所の所在地,代表者,有効期限
平成14年5月1日から平成27年4月30日まで法人名称,法人番号,主たる事務所の所在地,代表者,有効期限

法人名称,法人番号,主たる事務所の所在地,代表者,有効期限
特定非営利活動法人阪神淡路大震災一一七希望の灯り法人名称,法人番号,主たる事務所の所在地,代表者,有効期限
 法人名称,法人番号,主たる事務所の所在地,代表者,有効期限
兵庫県神戸市北区星和台5丁目27番地の35法人名称,法人番号,主たる事務所の所在地,代表者,有効期限
上西　勇法人名称,法人番号,主たる事務所の所在地,代表者,有効期限
平成22年5月1日から平成27年4月30日まで法人名称,法人番号,主たる事務所の所在地,代表者,有効期限

法人名称,法人番号,主たる事務所の所在地,代表者,有効期限
特定非営利活動法人ワールド・ビジョン・ジャパン法人名称,法人番号,主たる事務所の所在地,代表者,有効期限
 法人名称,法人番号,主たる事務所の所在地,代表者,有効期限
東京都中野区本田1丁目32番2号法人名称,法人番号,主たる事務所の所在地,代表者,有効期限
原　寛法人名称,法人番号,主たる事務所の所在地,代表者,有効期限
平成14年5月1日から平成27年4月30日まで法人名称,法人番号,主たる事務所の所在地,代表者,有効期限

法人名称,法人番号,主たる事務所の所在地,代表者,有効期限
特定非営利活動法人グリーフケア・サポートプラザ法人名称,法人番号,主たる事務所の所在地,代表者,有効期限
 法人名称,法人番号,主たる事務所の所在地,代表者,有効期限
東京都港区赤坂9丁目2番6号カルム第2赤坂103法人名称,法人番号,主たる事務所の所在地,代表者,有効期限
加藤　勇三法人名称,法人番号,主たる事務所の所在地,代表者,有効期限
平成22年5月16日から平成27年5月15日まで法人名称,法人番号,主たる事務所の所在地,代表者,有効期限

法人名称,法人番号,主たる事務所の所在地,代表者,有効期限
特定非営利活動法人原子力資料情報室法人名称,法人番号,主たる事務所の所在地,代表者,有効期限
 法人名称,法人番号,主たる事務所の所在地,代表者,有効期限
東京都新宿区住吉町8番5号曙橋コーポ2階B法人名称,法人番号,主たる事務所の所在地,代表者,有効期限
伴　英幸法人名称,法人番号,主たる事務所の所在地,代表者,有効期限
平成22年5月16日から平成27年5月15日まで法人名称,法人番号,主たる事務所の所在地,代表者,有効期限

法人名称,法人番号,主たる事務所の所在地,代表者,有効期限
特定非営利活動法人国際子ども権利センター法人名称,法人番号,主たる事務所の所在地,代表者,有効期限
 法人名称,法人番号,主たる事務所の所在地,代表者,有効期限
東京都台東区東上野1丁目20番6号丸幸ビル3階法人名称,法人番号,主たる事務所の所在地,代表者,有効期限
甲斐田　万智子法人名称,法人番号,主たる事務所の所在地,代表者,有効期限
平成22年5月16日から平成27年5月15日まで法人名称,法人番号,主たる事務所の所在地,代表者,有効期限

法人名称,法人番号,主たる事務所の所在地,代表者,有効期限
特定非営利活動法人生態工房法人名称,法人番号,主たる事務所の所在地,代表者,有効期限
 法人名称,法人番号,主たる事務所の所在地,代表者,有効期限
東京都武蔵野市吉祥寺本町4丁目9番地22号フラットK101法人名称,法人番号,主たる事務所の所在地,代表者,有効期限
安部　邦昭法人名称,法人番号,主たる事務所の所在地,代表者,有効期限
平成22年5月16日から平成27年5月15日まで法人名称,法人番号,主たる事務所の所在地,代表者,有効期限

法人名称,法人番号,主たる事務所の所在地,代表者,有効期限
特定非営利活動法人日本を美しくする会法人名称,法人番号,主たる事務所の所在地,代表者,有効期限
 法人名称,法人番号,主たる事務所の所在地,代表者,有効期限
東京都世田谷区池尻2丁目37番12‐701号法人名称,法人番号,主たる事務所の所在地,代表者,有効期限
田中　義人法人名称,法人番号,主たる事務所の所在地,代表者,有効期限
平成22年5月16日から平成27年5月15日まで法人名称,法人番号,主たる事務所の所在地,代表者,有効期限

法人名称,法人番号,主たる事務所の所在地,代表者,有効期限
特定非営利活動法人花岡平和記念会法人名称,法人番号,主たる事務所の所在地,代表者,有効期限
 法人名称,法人番号,主たる事務所の所在地,代表者,有効期限
秋田県大館市豊町2番37号法人名称,法人番号,主たる事務所の所在地,代表者,有効期限
川田　繁幸法人名称,法人番号,主たる事務所の所在地,代表者,有効期限
平成20年3月1日から平成22年2月28日まで平成22年5月16日から平成27年5月15日まで法人名称,法人番号,主たる事務所の所在地,代表者,有効期限

法人名称,法人番号,主たる事務所の所在地,代表者,有効期限
特定非営利活動法人パレスチナ子どものキャンペーン法人名称,法人番号,主たる事務所の所在地,代表者,有効期限
 法人名称,法人番号,主たる事務所の所在地,代表者,有効期限
東京都豊島区目白3丁目4番5号アビタメジロ603号法人名称,法人番号,主たる事務所の所在地,代表者,有効期限
北林　岳彦法人名称,法人番号,主たる事務所の所在地,代表者,有効期限
平成22年5月16日から平成27年5月15日まで法人名称,法人番号,主たる事務所の所在地,代表者,有効期限

法人名称,法人番号,主たる事務所の所在地,代表者,有効期限
特定非営利活動法人ラオスのこども法人名称,法人番号,主たる事務所の所在地,代表者,有効期限
 法人名称,法人番号,主たる事務所の所在地,代表者,有効期限
東京都大田区南馬込6丁目29番12号法人名称,法人番号,主たる事務所の所在地,代表者,有効期限
森　透野口　チャンタソン法人名称,法人番号,主たる事務所の所在地,代表者,有効期限
平成22年5月16日から平成27年5月15日まで法人名称,法人番号,主たる事務所の所在地,代表者,有効期限

法人名称,法人番号,主たる事務所の所在地,代表者,有効期限
認定NPO法人IVY法人名称,法人番号,主たる事務所の所在地,代表者,有効期限
 法人名称,法人番号,主たる事務所の所在地,代表者,有効期限
山形県山形市荒楯町1丁目17番40号法人名称,法人番号,主たる事務所の所在地,代表者,有効期限
枝松　直樹法人名称,法人番号,主たる事務所の所在地,代表者,有効期限
平成20年6月1日から平成27年5月31日まで法人名称,法人番号,主たる事務所の所在地,代表者,有効期限

法人名称,法人番号,主たる事務所の所在地,代表者,有効期限
特定非営利活動法人霧多布湿原ナショナルトラスト法人名称,法人番号,主たる事務所の所在地,代表者,有効期限
 法人名称,法人番号,主たる事務所の所在地,代表者,有効期限
北海道厚岸郡浜中町仲の浜122番地法人名称,法人番号,主たる事務所の所在地,代表者,有効期限
三膳　時子法人名称,法人番号,主たる事務所の所在地,代表者,有効期限
平成16年6月1日から平成27年5月31日まで法人名称,法人番号,主たる事務所の所在地,代表者,有効期限

法人名称,法人番号,主たる事務所の所在地,代表者,有効期限
特定非営利活動法人山友会法人名称,法人番号,主たる事務所の所在地,代表者,有効期限
 法人名称,法人番号,主たる事務所の所在地,代表者,有効期限
東京都台東区清川2丁目32番8号法人名称,法人番号,主たる事務所の所在地,代表者,有効期限
大脇　甲哉法人名称,法人番号,主たる事務所の所在地,代表者,有効期限
平成20年6月1日から平成27年5月31まで法人名称,法人番号,主たる事務所の所在地,代表者,有効期限

法人名称,法人番号,主たる事務所の所在地,代表者,有効期限
特定非営利活動法人日本地雷処理を支援する会法人名称,法人番号,主たる事務所の所在地,代表者,有効期限
 法人名称,法人番号,主たる事務所の所在地,代表者,有効期限
東京都新宿区市谷本村町3番18号エムズビル5階法人名称,法人番号,主たる事務所の所在地,代表者,有効期限
荒川　龍一郎法人名称,法人番号,主たる事務所の所在地,代表者,有効期限
平成20年6月1日から平成27年5月31まで法人名称,法人番号,主たる事務所の所在地,代表者,有効期限

法人名称,法人番号,主たる事務所の所在地,代表者,有効期限
特定非営利活動法人日本文字文化機構法人名称,法人番号,主たる事務所の所在地,代表者,有効期限
 法人名称,法人番号,主たる事務所の所在地,代表者,有効期限
京都府京都市右京区常磐下田町20番地グランドパレスもと庄屋209号室法人名称,法人番号,主たる事務所の所在地,代表者,有効期限
宇佐美　慈子法人名称,法人番号,主たる事務所の所在地,代表者,有効期限
平成18年6月1日から平成27年5月31まで法人名称,法人番号,主たる事務所の所在地,代表者,有効期限

法人名称,法人番号,主たる事務所の所在地,代表者,有効期限
特定非営利活動法人ハートフル福祉募金法人名称,法人番号,主たる事務所の所在地,代表者,有効期限
 法人名称,法人番号,主たる事務所の所在地,代表者,有効期限
宮城県仙台市太白区郡山8丁目2番28号法人名称,法人番号,主たる事務所の所在地,代表者,有効期限
佐藤　隆雄法人名称,法人番号,主たる事務所の所在地,代表者,有効期限
平成22年6月1日から平成27年5月31まで法人名称,法人番号,主たる事務所の所在地,代表者,有効期限

法人名称,法人番号,主たる事務所の所在地,代表者,有効期限
特定非営利活動法人みやぎ発達障害サポートネット法人名称,法人番号,主たる事務所の所在地,代表者,有効期限
 法人名称,法人番号,主たる事務所の所在地,代表者,有効期限
宮城県仙台市青葉区花京院1丁目4‐1法人名称,法人番号,主たる事務所の所在地,代表者,有効期限
相馬　潤子法人名称,法人番号,主たる事務所の所在地,代表者,有効期限
平成22年6月1日から平成27年5月31日まで法人名称,法人番号,主たる事務所の所在地,代表者,有効期限

法人名称,法人番号,主たる事務所の所在地,代表者,有効期限
特定非営利活動法人メイあさかセンター法人名称,法人番号,主たる事務所の所在地,代表者,有効期限
 法人名称,法人番号,主たる事務所の所在地,代表者,有効期限
埼玉県朝霞市本町2丁目7番17号法人名称,法人番号,主たる事務所の所在地,代表者,有効期限
尾池　富美子法人名称,法人番号,主たる事務所の所在地,代表者,有効期限
平成18年6月1日から平成27年5月31日まで法人名称,法人番号,主たる事務所の所在地,代表者,有効期限

法人名称,法人番号,主たる事務所の所在地,代表者,有効期限
特定非営利活動法人金融知力普及協会法人名称,法人番号,主たる事務所の所在地,代表者,有効期限
 法人名称,法人番号,主たる事務所の所在地,代表者,有効期限
東京都中央区日本橋1丁目4番1号法人名称,法人番号,主たる事務所の所在地,代表者,有効期限
金子　昌資法人名称,法人番号,主たる事務所の所在地,代表者,有効期限
平成22年6月16日から平成27年6月15日まで法人名称,法人番号,主たる事務所の所在地,代表者,有効期限

法人名称,法人番号,主たる事務所の所在地,代表者,有効期限
特定非営利活動法人東京コミュニティスクール法人名称,法人番号,主たる事務所の所在地,代表者,有効期限
 法人名称,法人番号,主たる事務所の所在地,代表者,有効期限
東京都中野区中野1丁目62番10号法人名称,法人番号,主たる事務所の所在地,代表者,有効期限
久保　一之法人名称,法人番号,主たる事務所の所在地,代表者,有効期限
平成22年6月16日から平成27年6月15日まで法人名称,法人番号,主たる事務所の所在地,代表者,有効期限

法人名称,法人番号,主たる事務所の所在地,代表者,有効期限
特定非営利活動法人Peace Field Japan法人名称,法人番号,主たる事務所の所在地,代表者,有効期限
 法人名称,法人番号,主たる事務所の所在地,代表者,有効期限
東京都千代田区神田神保町1丁目8番地第二野口ビル3B法人名称,法人番号,主たる事務所の所在地,代表者,有効期限
村橋　靖之法人名称,法人番号,主たる事務所の所在地,代表者,有効期限
平成22年6月16日から平成27年6月15日まで法人名称,法人番号,主たる事務所の所在地,代表者,有効期限

法人名称,法人番号,主たる事務所の所在地,代表者,有効期限
特定非営利活動法人茨城エヌ・ピー・オー・センター・コモンズ法人名称,法人番号,主たる事務所の所在地,代表者,有効期限
 法人名称,法人番号,主たる事務所の所在地,代表者,有効期限
茨城県水戸市梅香2丁目1番39号茨城県労働福祉会館2階法人名称,法人番号,主たる事務所の所在地,代表者,有効期限
斎藤　義則法人名称,法人番号,主たる事務所の所在地,代表者,有効期限
平成22年7月1日から平成27年6月30日まで法人名称,法人番号,主たる事務所の所在地,代表者,有効期限

法人名称,法人番号,主たる事務所の所在地,代表者,有効期限
特定非営利活動法人黄河の森緑化ネットワーク法人名称,法人番号,主たる事務所の所在地,代表者,有効期限
 法人名称,法人番号,主たる事務所の所在地,代表者,有効期限
兵庫県神戸市中央区市下山手通2丁目12番11号神戸華僑会館法人名称,法人番号,主たる事務所の所在地,代表者,有効期限
石　嘉成法人名称,法人番号,主たる事務所の所在地,代表者,有効期限
平成22年7月1日から平成27年6月30日まで法人名称,法人番号,主たる事務所の所在地,代表者,有効期限

法人名称,法人番号,主たる事務所の所在地,代表者,有効期限
特定非営利活動法人国連ウィメン日本協会法人名称,法人番号,主たる事務所の所在地,代表者,有効期限
 法人名称,法人番号,主たる事務所の所在地,代表者,有効期限
神奈川県横浜市戸塚区上倉田町435番地1法人名称,法人番号,主たる事務所の所在地,代表者,有効期限
酒井　喜子法人名称,法人番号,主たる事務所の所在地,代表者,有効期限
平成20年7月1日から平成27年6月30日まで法人名称,法人番号,主たる事務所の所在地,代表者,有効期限

法人名称,法人番号,主たる事務所の所在地,代表者,有効期限
特定非営利活動法人コスモスとよた法人名称,法人番号,主たる事務所の所在地,代表者,有効期限
 法人名称,法人番号,主たる事務所の所在地,代表者,有効期限
愛知県豊田市寿町2丁目14番地1法人名称,法人番号,主たる事務所の所在地,代表者,有効期限
市川　睦美法人名称,法人番号,主たる事務所の所在地,代表者,有効期限
平成22年7月1日から平成27年6月30日まで法人名称,法人番号,主たる事務所の所在地,代表者,有効期限

法人名称,法人番号,主たる事務所の所在地,代表者,有効期限
特定非営利活動法人シェア国際保健協力市民の会法人名称,法人番号,主たる事務所の所在地,代表者,有効期限
 法人名称,法人番号,主たる事務所の所在地,代表者,有効期限
東京都台東区東上野1丁目20番地6号丸幸ビル5階法人名称,法人番号,主たる事務所の所在地,代表者,有効期限
本田　徹法人名称,法人番号,主たる事務所の所在地,代表者,有効期限
平成20年7月1日から平成27年6月30日まで法人名称,法人番号,主たる事務所の所在地,代表者,有効期限

法人名称,法人番号,主たる事務所の所在地,代表者,有効期限
特定非営利活動法人世界の子どもにワクチンを日本委員会法人名称,法人番号,主たる事務所の所在地,代表者,有効期限
 法人名称,法人番号,主たる事務所の所在地,代表者,有効期限
東京都港区三田4丁目1番9号法人名称,法人番号,主たる事務所の所在地,代表者,有効期限
細川　佳代子法人名称,法人番号,主たる事務所の所在地,代表者,有効期限
平成18年7月1日から平成27年6月30日まで法人名称,法人番号,主たる事務所の所在地,代表者,有効期限

法人名称,法人番号,主たる事務所の所在地,代表者,有効期限
特定非営利活動法人地球市民の会法人名称,法人番号,主たる事務所の所在地,代表者,有効期限
 法人名称,法人番号,主たる事務所の所在地,代表者,有効期限
佐賀県佐賀市高木町3番10号法人名称,法人番号,主たる事務所の所在地,代表者,有効期限
山下　雄司法人名称,法人番号,主たる事務所の所在地,代表者,有効期限
平成22年7月1日から平成27年6月30日まで法人名称,法人番号,主たる事務所の所在地,代表者,有効期限

法人名称,法人番号,主たる事務所の所在地,代表者,有効期限
特定非営利活動法人飛んでけ車いすの会法人名称,法人番号,主たる事務所の所在地,代表者,有効期限
 法人名称,法人番号,主たる事務所の所在地,代表者,有効期限
北海道札幌市中央区北二条西28丁目2番8号法人名称,法人番号,主たる事務所の所在地,代表者,有効期限
佐藤　正尋法人名称,法人番号,主たる事務所の所在地,代表者,有効期限
平成22年7月1日から平成27年6月30日まで法人名称,法人番号,主たる事務所の所在地,代表者,有効期限

法人名称,法人番号,主たる事務所の所在地,代表者,有効期限
特定非営利活動法人長崎在宅Dr.ネット法人名称,法人番号,主たる事務所の所在地,代表者,有効期限
 法人名称,法人番号,主たる事務所の所在地,代表者,有効期限
長崎県長崎市馬町21番地1法人名称,法人番号,主たる事務所の所在地,代表者,有効期限
藤井　卓法人名称,法人番号,主たる事務所の所在地,代表者,有効期限
平成22年7月1日から平成27年6月30日まで法人名称,法人番号,主たる事務所の所在地,代表者,有効期限

法人名称,法人番号,主たる事務所の所在地,代表者,有効期限
特定非営利活動法人長野犯罪被害者支援センター法人名称,法人番号,主たる事務所の所在地,代表者,有効期限
 法人名称,法人番号,主たる事務所の所在地,代表者,有効期限
長野県長野市大字南長野字幅下692番地2号法人名称,法人番号,主たる事務所の所在地,代表者,有効期限
山田　千代子法人名称,法人番号,主たる事務所の所在地,代表者,有効期限
平成22年7月1日から平成27年6月30日まで法人名称,法人番号,主たる事務所の所在地,代表者,有効期限

法人名称,法人番号,主たる事務所の所在地,代表者,有効期限
特定非営利活動法人日本雲南聯誼協会法人名称,法人番号,主たる事務所の所在地,代表者,有効期限
 法人名称,法人番号,主たる事務所の所在地,代表者,有効期限
東京都新宿区市谷左内町21番31号法人名称,法人番号,主たる事務所の所在地,代表者,有効期限
初鹿野　恵蘭法人名称,法人番号,主たる事務所の所在地,代表者,有効期限
平成22年7月1日から平成27年6月30日まで法人名称,法人番号,主たる事務所の所在地,代表者,有効期限

法人名称,法人番号,主たる事務所の所在地,代表者,有効期限
特定非営利活動法人日本ハビタット協会法人名称,法人番号,主たる事務所の所在地,代表者,有効期限
 法人名称,法人番号,主たる事務所の所在地,代表者,有効期限
東京都千代田区麹町1丁目12番地ふくおか会館1階法人名称,法人番号,主たる事務所の所在地,代表者,有効期限
中村　徹法人名称,法人番号,主たる事務所の所在地,代表者,有効期限
平成22年7月1日から平成27年6月30日まで法人名称,法人番号,主たる事務所の所在地,代表者,有効期限

法人名称,法人番号,主たる事務所の所在地,代表者,有効期限
特定非営利活動法人ファミリーハウス法人名称,法人番号,主たる事務所の所在地,代表者,有効期限
 法人名称,法人番号,主たる事務所の所在地,代表者,有効期限
東京都千代田区神田須田町1丁目13番地5法人名称,法人番号,主たる事務所の所在地,代表者,有効期限
江口　八千代法人名称,法人番号,主たる事務所の所在地,代表者,有効期限
平成22年7月1日から平成27年6月30日まで法人名称,法人番号,主たる事務所の所在地,代表者,有効期限

法人名称,法人番号,主たる事務所の所在地,代表者,有効期限
特定非営利活動法人ふくしまNPOネットワークセンター法人名称,法人番号,主たる事務所の所在地,代表者,有効期限
 法人名称,法人番号,主たる事務所の所在地,代表者,有効期限
福島県福島市置賜町1番29号法人名称,法人番号,主たる事務所の所在地,代表者,有効期限
星野　瑛二法人名称,法人番号,主たる事務所の所在地,代表者,有効期限
平成20年7月1日から平成27年6月30日まで法人名称,法人番号,主たる事務所の所在地,代表者,有効期限

法人名称,法人番号,主たる事務所の所在地,代表者,有効期限
特定非営利活動法人平和のための戦争メモリアルセンター設立準備会法人名称,法人番号,主たる事務所の所在地,代表者,有効期限
 法人名称,法人番号,主たる事務所の所在地,代表者,有効期限
愛知県名古屋市名東区よもぎ台2丁目820番地法人名称,法人番号,主たる事務所の所在地,代表者,有効期限
森嶌　昭夫法人名称,法人番号,主たる事務所の所在地,代表者,有効期限
平成18年7月1日から平成27年6月30日まで法人名称,法人番号,主たる事務所の所在地,代表者,有効期限

法人名称,法人番号,主たる事務所の所在地,代表者,有効期限
エフ・オー・イー・ジャパン法人名称,法人番号,主たる事務所の所在地,代表者,有効期限
 法人名称,法人番号,主たる事務所の所在地,代表者,有効期限
東京都板橋区小茂根1丁目21番9号法人名称,法人番号,主たる事務所の所在地,代表者,有効期限
ヘルテン・ランダル・アラン石田　信男三柴　淳一法人名称,法人番号,主たる事務所の所在地,代表者,有効期限
平成22年7月16日から平成27年7月15日まで法人名称,法人番号,主たる事務所の所在地,代表者,有効期限

法人名称,法人番号,主たる事務所の所在地,代表者,有効期限
特定非営利活動法人大阪精神医療人権センター法人名称,法人番号,主たる事務所の所在地,代表者,有効期限
 法人名称,法人番号,主たる事務所の所在地,代表者,有効期限
大阪府大阪市北区西天満5丁目9番5号谷山ビル9階法人名称,法人番号,主たる事務所の所在地,代表者,有効期限
位田　浩大槻　和夫法人名称,法人番号,主たる事務所の所在地,代表者,有効期限
平成22年7月16日から平成27年7月15日まで法人名称,法人番号,主たる事務所の所在地,代表者,有効期限

法人名称,法人番号,主たる事務所の所在地,代表者,有効期限
特定非営利活動法人おかやまエネルギーの未来を考える会法人名称,法人番号,主たる事務所の所在地,代表者,有効期限
 法人名称,法人番号,主たる事務所の所在地,代表者,有効期限
岡山県岡山市北区南方1丁目6番7号法人名称,法人番号,主たる事務所の所在地,代表者,有効期限
廣本　悦子法人名称,法人番号,主たる事務所の所在地,代表者,有効期限
平成22年7月16日から平成27年7月15日まで法人名称,法人番号,主たる事務所の所在地,代表者,有効期限

法人名称,法人番号,主たる事務所の所在地,代表者,有効期限
特定非営利活動法人才の木法人名称,法人番号,主たる事務所の所在地,代表者,有効期限
 法人名称,法人番号,主たる事務所の所在地,代表者,有効期限
東京都文京区向丘1丁目1番17号タカサキヤビル4階法人名称,法人番号,主たる事務所の所在地,代表者,有効期限
福島　和彦法人名称,法人番号,主たる事務所の所在地,代表者,有効期限
平成22年7月16日から平成27年7月15日まで法人名称,法人番号,主たる事務所の所在地,代表者,有効期限

法人名称,法人番号,主たる事務所の所在地,代表者,有効期限
NPO法人サポート法人名称,法人番号,主たる事務所の所在地,代表者,有効期限
 法人名称,法人番号,主たる事務所の所在地,代表者,有効期限
東京都目黒区東山1丁目15番8号法人名称,法人番号,主たる事務所の所在地,代表者,有効期限
中尾　雅法人名称,法人番号,主たる事務所の所在地,代表者,有効期限
平成22年7月16日から平成27年7月15日まで法人名称,法人番号,主たる事務所の所在地,代表者,有効期限

法人名称,法人番号,主たる事務所の所在地,代表者,有効期限
特定非営利活動法人宍塚の自然と歴史の会法人名称,法人番号,主たる事務所の所在地,代表者,有効期限
 法人名称,法人番号,主たる事務所の所在地,代表者,有効期限
茨城県つくば市上ノ室292番地5法人名称,法人番号,主たる事務所の所在地,代表者,有効期限
及川　ひろみ法人名称,法人番号,主たる事務所の所在地,代表者,有効期限
平成22年7月16日から平成27年7月15日まで法人名称,法人番号,主たる事務所の所在地,代表者,有効期限

法人名称,法人番号,主たる事務所の所在地,代表者,有効期限
特定非営利活動法人持続可能な開発のための教育の10年推進会議法人名称,法人番号,主たる事務所の所在地,代表者,有効期限
 法人名称,法人番号,主たる事務所の所在地,代表者,有効期限
東京都荒川区西日暮里5-38-5日能研ビル201法人名称,法人番号,主たる事務所の所在地,代表者,有効期限
重　政子法人名称,法人番号,主たる事務所の所在地,代表者,有効期限
平成22年7月16日から平成27年7月15日まで法人名称,法人番号,主たる事務所の所在地,代表者,有効期限

法人名称,法人番号,主たる事務所の所在地,代表者,有効期限
特定非営利活動法人創を考える会・北九州法人名称,法人番号,主たる事務所の所在地,代表者,有効期限
 法人名称,法人番号,主たる事務所の所在地,代表者,有効期限
福岡県北九州市小倉北区下到津1丁目2番1号U&Iビル303号室法人名称,法人番号,主たる事務所の所在地,代表者,有効期限
岡野　正敏法人名称,法人番号,主たる事務所の所在地,代表者,有効期限
平成22年7月16日から平成27年7月15日まで法人名称,法人番号,主たる事務所の所在地,代表者,有効期限

法人名称,法人番号,主たる事務所の所在地,代表者,有効期限
特定非営利活動法人タヤマ実践カレッジ法人名称,法人番号,主たる事務所の所在地,代表者,有効期限
 法人名称,法人番号,主たる事務所の所在地,代表者,有効期限
神奈川県横浜市栄区小菅ヶ谷2丁目21番18号法人名称,法人番号,主たる事務所の所在地,代表者,有効期限
矢崎　哲也法人名称,法人番号,主たる事務所の所在地,代表者,有効期限
平成22年7月16日から平成27年7月15日まで法人名称,法人番号,主たる事務所の所在地,代表者,有効期限

法人名称,法人番号,主たる事務所の所在地,代表者,有効期限
特定非営利活動法人地球の木法人名称,法人番号,主たる事務所の所在地,代表者,有効期限
 法人名称,法人番号,主たる事務所の所在地,代表者,有効期限
神奈川県横浜市中区不老町1丁目3番3号法人名称,法人番号,主たる事務所の所在地,代表者,有効期限
丸谷　士都子法人名称,法人番号,主たる事務所の所在地,代表者,有効期限
平成22年7月16日から平成27年7月15日まで法人名称,法人番号,主たる事務所の所在地,代表者,有効期限

法人名称,法人番号,主たる事務所の所在地,代表者,有効期限
特定非営利活動法人日本グッド・トイ委員会法人名称,法人番号,主たる事務所の所在地,代表者,有効期限
 法人名称,法人番号,主たる事務所の所在地,代表者,有効期限
東京都新宿区四谷4丁目20番1号法人名称,法人番号,主たる事務所の所在地,代表者,有効期限
多田　千尋法人名称,法人番号,主たる事務所の所在地,代表者,有効期限
平成22年7月16日から平成27年7月15日まで法人名称,法人番号,主たる事務所の所在地,代表者,有効期限

法人名称,法人番号,主たる事務所の所在地,代表者,有効期限
特定非営利活動法人日本紛争予防センター法人名称,法人番号,主たる事務所の所在地,代表者,有効期限
 法人名称,法人番号,主たる事務所の所在地,代表者,有効期限
東京都文京区関口1丁目35番20号法人名称,法人番号,主たる事務所の所在地,代表者,有効期限
瀬谷　ルミ子法人名称,法人番号,主たる事務所の所在地,代表者,有効期限
平成22年7月16日から平成27年7月15日まで法人名称,法人番号,主たる事務所の所在地,代表者,有効期限

法人名称,法人番号,主たる事務所の所在地,代表者,有効期限
特定非営利活動法人日本レスキュー協会法人名称,法人番号,主たる事務所の所在地,代表者,有効期限
 法人名称,法人番号,主たる事務所の所在地,代表者,有効期限
兵庫県伊丹市下河原2丁目2番13号法人名称,法人番号,主たる事務所の所在地,代表者,有効期限
伊藤　裕成法人名称,法人番号,主たる事務所の所在地,代表者,有効期限
平成22年7月16日から平成27年7月15日まで法人名称,法人番号,主たる事務所の所在地,代表者,有効期限

法人名称,法人番号,主たる事務所の所在地,代表者,有効期限
特定非営利活動法人皮膚病理発展推進機構法人名称,法人番号,主たる事務所の所在地,代表者,有効期限
 法人名称,法人番号,主たる事務所の所在地,代表者,有効期限
北海道札幌市北区北十八条西3丁目2番21号法人名称,法人番号,主たる事務所の所在地,代表者,有効期限
安齋　眞一法人名称,法人番号,主たる事務所の所在地,代表者,有効期限
平成22年7月16日から平成27年7月15日まで法人名称,法人番号,主たる事務所の所在地,代表者,有効期限

法人名称,法人番号,主たる事務所の所在地,代表者,有効期限
特定非営利活動法人日仏芸術文化協会法人名称,法人番号,主たる事務所の所在地,代表者,有効期限
 法人名称,法人番号,主たる事務所の所在地,代表者,有効期限
東京都目黒区中根2丁目19番2号法人名称,法人番号,主たる事務所の所在地,代表者,有効期限
谷口　恵津子法人名称,法人番号,主たる事務所の所在地,代表者,有効期限
平成20年8月1日から平成27年7月31日まで法人名称,法人番号,主たる事務所の所在地,代表者,有効期限

法人名称,法人番号,主たる事務所の所在地,代表者,有効期限
特定非営利活動法人ジャパン・プラットフォーム法人名称,法人番号,主たる事務所の所在地,代表者,有効期限
 法人名称,法人番号,主たる事務所の所在地,代表者,有効期限
東京都千代田区麹町3-6-5麹町GN安田ビル4階法人名称,法人番号,主たる事務所の所在地,代表者,有効期限
有馬　利男法人名称,法人番号,主たる事務所の所在地,代表者,有効期限
平成18年9月1日から平成27年8月31日まで法人名称,法人番号,主たる事務所の所在地,代表者,有効期限

法人名称,法人番号,主たる事務所の所在地,代表者,有効期限
特定非営利活動法人100万人のふるさと回帰・循環運動推進・支援センター法人名称,法人番号,主たる事務所の所在地,代表者,有効期限
 法人名称,法人番号,主たる事務所の所在地,代表者,有効期限
東京都千代田区有楽町2丁目10番1号東京交通会館6階604・605法人名称,法人番号,主たる事務所の所在地,代表者,有効期限
田中　美枝子法人名称,法人番号,主たる事務所の所在地,代表者,有効期限
平成18年9月1日から平成27年8月31日まで法人名称,法人番号,主たる事務所の所在地,代表者,有効期限

法人名称,法人番号,主たる事務所の所在地,代表者,有効期限
特定非営利活動法人日本ナルコレプシー協会法人名称,法人番号,主たる事務所の所在地,代表者,有効期限
 法人名称,法人番号,主たる事務所の所在地,代表者,有効期限
東京都新宿区赤城下町44番株式会社陽成社内法人名称,法人番号,主たる事務所の所在地,代表者,有効期限
白倉　昌夫法人名称,法人番号,主たる事務所の所在地,代表者,有効期限
平成22年9月16日から平成27年9月15日まで法人名称,法人番号,主たる事務所の所在地,代表者,有効期限

法人名称,法人番号,主たる事務所の所在地,代表者,有効期限
特定非営利活動法人分水さくらを守る会法人名称,法人番号,主たる事務所の所在地,代表者,有効期限
 法人名称,法人番号,主たる事務所の所在地,代表者,有効期限
新潟県燕市上諏訪10番16号法人名称,法人番号,主たる事務所の所在地,代表者,有効期限
村上　謹一法人名称,法人番号,主たる事務所の所在地,代表者,有効期限
平成22年9月16日から平成27年9月15日まで法人名称,法人番号,主たる事務所の所在地,代表者,有効期限

法人名称,法人番号,主たる事務所の所在地,代表者,有効期限
特定非営利活動法人恵まれない子供達の自立を支援する会法人名称,法人番号,主たる事務所の所在地,代表者,有効期限
 法人名称,法人番号,主たる事務所の所在地,代表者,有効期限
千葉県佐倉市西志津2丁目15番36号法人名称,法人番号,主たる事務所の所在地,代表者,有効期限
神谷　光徳法人名称,法人番号,主たる事務所の所在地,代表者,有効期限
平成22年9月16日から平成27年9月15日まで法人名称,法人番号,主たる事務所の所在地,代表者,有効期限

法人名称,法人番号,主たる事務所の所在地,代表者,有効期限
特定非営利活動法人こども医療ネットワーク法人名称,法人番号,主たる事務所の所在地,代表者,有効期限
法人番号6340005002092法人名称,法人番号,主たる事務所の所在地,代表者,有効期限
鹿児島県鹿児島市桜ヶ丘8丁目35番1号鹿児島大学病院小児診療センター小児科法人名称,法人番号,主たる事務所の所在地,代表者,有効期限
河野　嘉文法人名称,法人番号,主たる事務所の所在地,代表者,有効期限
平成22年10月1日から平成27年9月30日まで法人名称,法人番号,主たる事務所の所在地,代表者,有効期限

法人名称,法人番号,主たる事務所の所在地,代表者,有効期限
特定非営利活動法人難病のこども支援全国ネットワーク法人名称,法人番号,主たる事務所の所在地,代表者,有効期限
法人番号6010005005541法人名称,法人番号,主たる事務所の所在地,代表者,有効期限
東京都文京区本郷1丁目15番4号文京尚学ビル6階法人名称,法人番号,主たる事務所の所在地,代表者,有効期限
小林　信秋法人名称,法人番号,主たる事務所の所在地,代表者,有効期限
平成21年2月1日から平成27年9月30日まで法人名称,法人番号,主たる事務所の所在地,代表者,有効期限

法人名称,法人番号,主たる事務所の所在地,代表者,有効期限
特定非営利活動法人日本政治総合研究所法人名称,法人番号,主たる事務所の所在地,代表者,有効期限
法人番号4010905001963法人名称,法人番号,主たる事務所の所在地,代表者,有効期限
東京都世田谷区大原1丁目16番16-207号法人名称,法人番号,主たる事務所の所在地,代表者,有効期限
白鳥　令法人名称,法人番号,主たる事務所の所在地,代表者,有効期限
平成21年1月1日から平成27年9月30日まで法人名称,法人番号,主たる事務所の所在地,代表者,有効期限

法人名称,法人番号,主たる事務所の所在地,代表者,有効期限
特定非営利活動法人劇団三喜法人名称,法人番号,主たる事務所の所在地,代表者,有効期限
法人番号5350005003990法人名称,法人番号,主たる事務所の所在地,代表者,有効期限
宮崎県都城市志比田町4930番地5リアンシビタ101号法人名称,法人番号,主たる事務所の所在地,代表者,有効期限
冨永　千鶴子法人名称,法人番号,主たる事務所の所在地,代表者,有効期限
平成22年10月16日から平成27年10月15日まで法人名称,法人番号,主たる事務所の所在地,代表者,有効期限

法人名称,法人番号,主たる事務所の所在地,代表者,有効期限
特定非営利活動法人日本アマチュア演奏家協会法人名称,法人番号,主たる事務所の所在地,代表者,有効期限
法人番号5011105003865法人名称,法人番号,主たる事務所の所在地,代表者,有効期限
東京都新宿区歌舞伎町2丁目6番16号パレドール歌舞伎町第二201号法人名称,法人番号,主たる事務所の所在地,代表者,有効期限
中馬　脩法人名称,法人番号,主たる事務所の所在地,代表者,有効期限
平成22年10月16日から平成27年10月15日まで法人名称,法人番号,主たる事務所の所在地,代表者,有効期限

法人名称,法人番号,主たる事務所の所在地,代表者,有効期限
特定非営利活動法人日本ネパール女性教育協会法人名称,法人番号,主たる事務所の所在地,代表者,有効期限
法人番号4010005008810法人名称,法人番号,主たる事務所の所在地,代表者,有効期限
東京都文京区向丘1丁目19番1号文京学院大学法人名称,法人番号,主たる事務所の所在地,代表者,有効期限
山下　泰子法人名称,法人番号,主たる事務所の所在地,代表者,有効期限
平成22年10月16日から平成27年10月15日まで法人名称,法人番号,主たる事務所の所在地,代表者,有効期限

法人名称,法人番号,主たる事務所の所在地,代表者,有効期限
特定非営利活動法人 いもむし法人名称,法人番号,主たる事務所の所在地,代表者,有効期限
法人番号2040005014213法人名称,法人番号,主たる事務所の所在地,代表者,有効期限
千葉県柏市箕輪358番地1法人名称,法人番号,主たる事務所の所在地,代表者,有効期限
吉田　登美子法人名称,法人番号,主たる事務所の所在地,代表者,有効期限
平成22年11月1日から平成27年10月31日まで法人名称,法人番号,主たる事務所の所在地,代表者,有効期限

法人名称,法人番号,主たる事務所の所在地,代表者,有効期限
NPO法人JKSK女性の活力を社会の活力に法人名称,法人番号,主たる事務所の所在地,代表者,有効期限
法人番号8011005001322法人名称,法人番号,主たる事務所の所在地,代表者,有効期限
東京都世田谷区赤堤1丁目11番15号法人名称,法人番号,主たる事務所の所在地,代表者,有効期限
大和田　順子法人名称,法人番号,主たる事務所の所在地,代表者,有効期限
平成22年11月1日から平成27年10月31日まで法人名称,法人番号,主たる事務所の所在地,代表者,有効期限

法人名称,法人番号,主たる事務所の所在地,代表者,有効期限
特定非営利活動法人瀬戸内オリーブ基金法人名称,法人番号,主たる事務所の所在地,代表者,有効期限
法人番号7470005005049法人名称,法人番号,主たる事務所の所在地,代表者,有効期限
香川県小豆郡土庄町豊島家浦3837番地4法人名称,法人番号,主たる事務所の所在地,代表者,有効期限
岩城　裕法人名称,法人番号,主たる事務所の所在地,代表者,有効期限
平成22年11月1日から平成27年10月31日まで法人名称,法人番号,主たる事務所の所在地,代表者,有効期限

法人名称,法人番号,主たる事務所の所在地,代表者,有効期限
特定非営利活動法人チャリティー・アソシエーション法人名称,法人番号,主たる事務所の所在地,代表者,有効期限
法人番号1010005012591法人名称,法人番号,主たる事務所の所在地,代表者,有効期限
東京都中央区銀座1丁目14番5号法人名称,法人番号,主たる事務所の所在地,代表者,有効期限
小栗　夏生法人名称,法人番号,主たる事務所の所在地,代表者,有効期限
平成22年11月1日から平成27年10月31日まで法人名称,法人番号,主たる事務所の所在地,代表者,有効期限

法人名称,法人番号,主たる事務所の所在地,代表者,有効期限
特定非営利活動法人DNA鑑定学会法人名称,法人番号,主たる事務所の所在地,代表者,有効期限
法人番号4020005006499法人名称,法人番号,主たる事務所の所在地,代表者,有効期限
神奈川県横浜市神奈川区金港町5番地32ベイフロント横浜法人名称,法人番号,主たる事務所の所在地,代表者,有効期限
五條堀　孝法人名称,法人番号,主たる事務所の所在地,代表者,有効期限
平成22年11月1日から平成27年10月31日まで法人名称,法人番号,主たる事務所の所在地,代表者,有効期限

法人名称,法人番号,主たる事務所の所在地,代表者,有効期限
特定非営利活動法人名古屋青少年活動支援ネット法人名称,法人番号,主たる事務所の所在地,代表者,有効期限
法人番号3180005006237法人名称,法人番号,主たる事務所の所在地,代表者,有効期限
愛知県名古屋市名東区大針3丁目36番地法人名称,法人番号,主たる事務所の所在地,代表者,有効期限
犬飼　亨法人名称,法人番号,主たる事務所の所在地,代表者,有効期限
平成22年11月1日から平成27年10月31日まで法人名称,法人番号,主たる事務所の所在地,代表者,有効期限

法人名称,法人番号,主たる事務所の所在地,代表者,有効期限
特定非営利活動法人ロースクール奨学金広島法人名称,法人番号,主たる事務所の所在地,代表者,有効期限
法人番号7240005003083法人名称,法人番号,主たる事務所の所在地,代表者,有効期限
広島県広島市中区上八丁掘2番66号法人名称,法人番号,主たる事務所の所在地,代表者,有効期限
増田　義憲法人名称,法人番号,主たる事務所の所在地,代表者,有効期限
平成22年11月1日から平成27年10月31日まで法人名称,法人番号,主たる事務所の所在地,代表者,有効期限

法人名称,法人番号,主たる事務所の所在地,代表者,有効期限
特定非営利活動法人川口市民環境会議法人名称,法人番号,主たる事務所の所在地,代表者,有効期限
法人番号8030005012682法人名称,法人番号,主たる事務所の所在地,代表者,有効期限
埼玉県川口市本町4丁目13番11-1403号東急ドエルデュオプラザ川口弐番館橋本泰孝内法人名称,法人番号,主たる事務所の所在地,代表者,有効期限
浅羽　理恵法人名称,法人番号,主たる事務所の所在地,代表者,有効期限
平成22年11月16日から平成27年11月15日まで法人名称,法人番号,主たる事務所の所在地,代表者,有効期限

法人名称,法人番号,主たる事務所の所在地,代表者,有効期限
特定非営利活動法人全国被害者支援ネットワーク法人名称,法人番号,主たる事務所の所在地,代表者,有効期限
法人番号2010005010677法人名称,法人番号,主たる事務所の所在地,代表者,有効期限
東京都文京区本郷2丁目14番地10法人名称,法人番号,主たる事務所の所在地,代表者,有効期限
平井　紀夫法人名称,法人番号,主たる事務所の所在地,代表者,有効期限
平成22年12月1日から平成27年11月30日まで法人名称,法人番号,主たる事務所の所在地,代表者,有効期限

法人名称,法人番号,主たる事務所の所在地,代表者,有効期限
特定非営利活動法人高麗博物館法人名称,法人番号,主たる事務所の所在地,代表者,有効期限
法人番号2011105001896法人名称,法人番号,主たる事務所の所在地,代表者,有効期限
東京都新宿区大久保1丁目12番1号第二韓国広場ビル法人名称,法人番号,主たる事務所の所在地,代表者,有効期限
原田　京子法人名称,法人番号,主たる事務所の所在地,代表者,有効期限
平成21年1月1日から平成27年12月31日まで法人名称,法人番号,主たる事務所の所在地,代表者,有効期限

法人名称,法人番号,主たる事務所の所在地,代表者,有効期限
特定非営利活動法人カンボジアの健康及び教育と地域を支援する会法人名称,法人番号,主たる事務所の所在地,代表者,有効期限
法人番号8011105001916法人名称,法人番号,主たる事務所の所在地,代表者,有効期限
東京都新宿区四谷4丁目3番29号伸治ビル法人名称,法人番号,主たる事務所の所在地,代表者,有効期限
永井　厚法人名称,法人番号,主たる事務所の所在地,代表者,有効期限
平成21年8月1日から平成28年1月15日まで法人名称,法人番号,主たる事務所の所在地,代表者,有効期限

法人名称,法人番号,主たる事務所の所在地,代表者,有効期限
特定非営利活動法人北朝鮮難民救援基金法人名称,法人番号,主たる事務所の所在地,代表者,有効期限
法人番号8010005006612法人名称,法人番号,主たる事務所の所在地,代表者,有効期限
東京都文京区西片2丁目2番8号西片ハイテルA-101法人名称,法人番号,主たる事務所の所在地,代表者,有効期限
加藤　博法人名称,法人番号,主たる事務所の所在地,代表者,有効期限
平成23年1月16日から平成28年1月15日まで法人名称,法人番号,主たる事務所の所在地,代表者,有効期限

法人名称,法人番号,主たる事務所の所在地,代表者,有効期限
特定非営利活動法人ラブアンドハーモニー基金法人名称,法人番号,主たる事務所の所在地,代表者,有効期限
法人番号3010405003156法人名称,法人番号,主たる事務所の所在地,代表者,有効期限
東京都港区西麻布1丁目3番18号法人名称,法人番号,主たる事務所の所在地,代表者,有効期限
平尾　昌晃法人名称,法人番号,主たる事務所の所在地,代表者,有効期限
平成23年1月16日から平成28年1月15日まで法人名称,法人番号,主たる事務所の所在地,代表者,有効期限

法人名称,法人番号,主たる事務所の所在地,代表者,有効期限
特定非営利活動法人あいち骨髄バンクを支援する会法人名称,法人番号,主たる事務所の所在地,代表者,有効期限
法人番号2180005006337法人名称,法人番号,主たる事務所の所在地,代表者,有効期限
愛知県名古屋市千種区光が丘1丁目22番7-105号法人名称,法人番号,主たる事務所の所在地,代表者,有効期限
森島　泰雄法人名称,法人番号,主たる事務所の所在地,代表者,有効期限
平成23年2月16日から平成28年2月15日まで法人名称,法人番号,主たる事務所の所在地,代表者,有効期限

法人名称,法人番号,主たる事務所の所在地,代表者,有効期限
特定非営利活動法人消費者機構日本法人名称,法人番号,主たる事務所の所在地,代表者,有効期限
法人番号9010005008351法人名称,法人番号,主たる事務所の所在地,代表者,有効期限
東京都千代田区六番町15番地法人名称,法人番号,主たる事務所の所在地,代表者,有効期限
芳賀　唯史法人名称,法人番号,主たる事務所の所在地,代表者,有効期限
平成23年2月16日から平成28年2月15日まで法人名称,法人番号,主たる事務所の所在地,代表者,有効期限

法人名称,法人番号,主たる事務所の所在地,代表者,有効期限
特定非営利活動法人日本医療政策機構法人名称,法人番号,主たる事務所の所在地,代表者,有効期限
法人番号4010005009370法人名称,法人番号,主たる事務所の所在地,代表者,有効期限
東京都千代田区永田町1丁目11番28号相互永田町ビル法人名称,法人番号,主たる事務所の所在地,代表者,有効期限
黒川　清法人名称,法人番号,主たる事務所の所在地,代表者,有効期限
平成23年2月16日から平成28年2月15日まで法人名称,法人番号,主たる事務所の所在地,代表者,有効期限

法人名称,法人番号,主たる事務所の所在地,代表者,有効期限
認定特定非営利活動法人岡山きのこ・あったか会法人名称,法人番号,主たる事務所の所在地,代表者,有効期限
法人番号9260005003022法人名称,法人番号,主たる事務所の所在地,代表者,有効期限
岡山県岡山市中区門田屋敷1丁目3番21号法人名称,法人番号,主たる事務所の所在地,代表者,有効期限
黒田　重利佐々木　健金光　義弘阿多　敏江法人名称,法人番号,主たる事務所の所在地,代表者,有効期限
平成23年3月1日から平成28年2月29日まで法人名称,法人番号,主たる事務所の所在地,代表者,有効期限

法人名称,法人番号,主たる事務所の所在地,代表者,有効期限
特定非営利活動法人北の森と川・環境ネットワーク法人名称,法人番号,主たる事務所の所在地,代表者,有効期限
法人番号4440005001251法人名称,法人番号,主たる事務所の所在地,代表者,有効期限
北海道函館市五稜郭町19番15号法人名称,法人番号,主たる事務所の所在地,代表者,有効期限
影山　欣一法人名称,法人番号,主たる事務所の所在地,代表者,有効期限
平成23年3月1日から平成28年2月29日まで法人名称,法人番号,主たる事務所の所在地,代表者,有効期限

法人名称,法人番号,主たる事務所の所在地,代表者,有効期限
特定非営利活動法人在日ブラジル人を支援する会（サビジャ）法人名称,法人番号,主たる事務所の所在地,代表者,有効期限
法人番号6010405003632法人名称,法人番号,主たる事務所の所在地,代表者,有効期限
東京都港区北青山2丁目7番30号401号室法人名称,法人番号,主たる事務所の所在地,代表者,有効期限
茂木　信二法人名称,法人番号,主たる事務所の所在地,代表者,有効期限
平成23年3月1日から平成28年2月29日まで法人名称,法人番号,主たる事務所の所在地,代表者,有効期限

法人名称,法人番号,主たる事務所の所在地,代表者,有効期限
特定非営利活動法人市民ファンドゆめの芽法人名称,法人番号,主たる事務所の所在地,代表者,有効期限
法人番号2021005002985法人名称,法人番号,主たる事務所の所在地,代表者,有効期限
神奈川県相模原市中央区富士見6丁目6番1号法人名称,法人番号,主たる事務所の所在地,代表者,有効期限
長谷川　太一法人名称,法人番号,主たる事務所の所在地,代表者,有効期限
平成23年3月1日から平成28年2月29日まで法人名称,法人番号,主たる事務所の所在地,代表者,有効期限

法人名称,法人番号,主たる事務所の所在地,代表者,有効期限
NPO法人ピーク・エイド法人名称,法人番号,主たる事務所の所在地,代表者,有効期限
法人番号8010005018418法人名称,法人番号,主たる事務所の所在地,代表者,有効期限
東京都渋谷区千駄ヶ谷5丁目12番8号第6瑞穂ビル401法人名称,法人番号,主たる事務所の所在地,代表者,有効期限
野口　健法人名称,法人番号,主たる事務所の所在地,代表者,有効期限
平成23年3月1日から平成28年2月29日まで法人名称,法人番号,主たる事務所の所在地,代表者,有効期限

法人名称,法人番号,主たる事務所の所在地,代表者,有効期限
特定非営利活動法人チャイルドライン支援センター法人名称,法人番号,主たる事務所の所在地,代表者,有効期限
法人番号1011105003530法人名称,法人番号,主たる事務所の所在地,代表者,有効期限
東京都新宿区住吉町8番5号曙橋コーポ2階法人名称,法人番号,主たる事務所の所在地,代表者,有効期限
太田　久美神　仁法人名称,法人番号,主たる事務所の所在地,代表者,有効期限
平成21年4月1日から平成28年3月31日まで法人名称,法人番号,主たる事務所の所在地,代表者,有効期限

法人名称,法人番号,主たる事務所の所在地,代表者,有効期限
特定非営利活動法人江戸城天守を再建する会法人名称,法人番号,主たる事務所の所在地,代表者,有効期限
法人番号5011605001419法人名称,法人番号,主たる事務所の所在地,代表者,有効期限
東京都千代田区神田神保町2丁目32番地前川ビル法人名称,法人番号,主たる事務所の所在地,代表者,有効期限
小竹　直隆法人名称,法人番号,主たる事務所の所在地,代表者,有効期限
平成23年4月16日から平成28年4月15日まで法人名称,法人番号,主たる事務所の所在地,代表者,有効期限

法人名称,法人番号,主たる事務所の所在地,代表者,有効期限
特定非営利活動法人きらめき未来塾法人名称,法人番号,主たる事務所の所在地,代表者,有効期限
法人番号9120005011996法人名称,法人番号,主たる事務所の所在地,代表者,有効期限
大阪府大阪市北区東天満1丁目12番13号法人名称,法人番号,主たる事務所の所在地,代表者,有効期限
水野　彌一法人名称,法人番号,主たる事務所の所在地,代表者,有効期限
平成23年4月16日から平成28年4月15日まで法人名称,法人番号,主たる事務所の所在地,代表者,有効期限

法人名称,法人番号,主たる事務所の所在地,代表者,有効期限
特定非営利活動法人子ども・宇宙・未来の会法人名称,法人番号,主たる事務所の所在地,代表者,有効期限
法人番号3021005003314法人名称,法人番号,主たる事務所の所在地,代表者,有効期限
神奈川県相模原市緑区下九沢1576番地11法人名称,法人番号,主たる事務所の所在地,代表者,有効期限
平林　久法人名称,法人番号,主たる事務所の所在地,代表者,有効期限
平成23年4月16日から平成28年4月15日まで法人名称,法人番号,主たる事務所の所在地,代表者,有効期限

法人名称,法人番号,主たる事務所の所在地,代表者,有効期限
特定非営利活動法人スペシャルオリンピックス日本・神奈川法人名称,法人番号,主たる事務所の所在地,代表者,有効期限
法人番号7020005004806法人名称,法人番号,主たる事務所の所在地,代表者,有効期限
神奈川県横浜市中区常磐町1丁目7番地横浜YMCA4階法人名称,法人番号,主たる事務所の所在地,代表者,有効期限
剱持　睦子法人名称,法人番号,主たる事務所の所在地,代表者,有効期限
平成23年4月16日から平成28年4月15日まで法人名称,法人番号,主たる事務所の所在地,代表者,有効期限

法人名称,法人番号,主たる事務所の所在地,代表者,有効期限
特定非営利活動法人地域産業おこしの会法人名称,法人番号,主たる事務所の所在地,代表者,有効期限
法人番号4010005012928法人名称,法人番号,主たる事務所の所在地,代表者,有効期限
東京都千代田区神田錦町3丁目21号ちよだプラットフォームスクウェア1066法人名称,法人番号,主たる事務所の所在地,代表者,有効期限
会田　和子法人名称,法人番号,主たる事務所の所在地,代表者,有効期限
平成23年4月16日から平成28年4月15日まで法人名称,法人番号,主たる事務所の所在地,代表者,有効期限

法人名称,法人番号,主たる事務所の所在地,代表者,有効期限
特定非営利活動法人日本エステティック機構法人名称,法人番号,主たる事務所の所在地,代表者,有効期限
法人番号3010005011492法人名称,法人番号,主たる事務所の所在地,代表者,有効期限
東京都千代田区平河町1丁目6番15号法人名称,法人番号,主たる事務所の所在地,代表者,有効期限
福士　政広法人名称,法人番号,主たる事務所の所在地,代表者,有効期限
平成23年4月16日から平成28年4月15日まで法人名称,法人番号,主たる事務所の所在地,代表者,有効期限

法人名称,法人番号,主たる事務所の所在地,代表者,有効期限
特定非営利活動法人メッシュ・サポート法人名称,法人番号,主たる事務所の所在地,代表者,有効期限
法人番号7360005003534法人名称,法人番号,主たる事務所の所在地,代表者,有効期限
沖縄県名護市字宇茂佐1712番地の3社団法人北部地区医師会病院内法人名称,法人番号,主たる事務所の所在地,代表者,有効期限
小濱　正博法人名称,法人番号,主たる事務所の所在地,代表者,有効期限
平成23年4月16日から平成28年4月15日まで法人名称,法人番号,主たる事務所の所在地,代表者,有効期限

法人名称,法人番号,主たる事務所の所在地,代表者,有効期限
特定非営利活動法人日本チェルノブイリ連帯基金法人名称,法人番号,主たる事務所の所在地,代表者,有効期限
法人番号1100005007005法人名称,法人番号,主たる事務所の所在地,代表者,有効期限
長野県松本市浅間温泉2丁目12番12号法人名称,法人番号,主たる事務所の所在地,代表者,有効期限
鎌田　實法人名称,法人番号,主たる事務所の所在地,代表者,有効期限
平成21年9月1日から平成28年4月30日まで法人名称,法人番号,主たる事務所の所在地,代表者,有効期限

法人名称,法人番号,主たる事務所の所在地,代表者,有効期限
特定非営利活動法人乳房健康研究会法人名称,法人番号,主たる事務所の所在地,代表者,有効期限
法人番号7020005008385法人名称,法人番号,主たる事務所の所在地,代表者,有効期限
神奈川県川崎市麻生区万福寺6丁目7番2号法人名称,法人番号,主たる事務所の所在地,代表者,有効期限
福田　護法人名称,法人番号,主たる事務所の所在地,代表者,有効期限
平成23年5月1日から平成28年4月30日まで法人名称,法人番号,主たる事務所の所在地,代表者,有効期限

法人名称,法人番号,主たる事務所の所在地,代表者,有効期限
特定非営利活動法人ロージーベル法人名称,法人番号,主たる事務所の所在地,代表者,有効期限
法人名称,法人番号,主たる事務所の所在地,代表者,有効期限
宮城県仙台市青葉区本町1丁目9番5号五城ビル502法人名称,法人番号,主たる事務所の所在地,代表者,有効期限
佐竹　えり子法人名称,法人番号,主たる事務所の所在地,代表者,有効期限
平成23年5月1日から平成28年4月30日まで法人名称,法人番号,主たる事務所の所在地,代表者,有効期限

法人名称,法人番号,主たる事務所の所在地,代表者,有効期限
特定非営利活動法人ワンデーポート法人名称,法人番号,主たる事務所の所在地,代表者,有効期限
法人名称,法人番号,主たる事務所の所在地,代表者,有効期限
神奈川県横浜市瀬谷区相沢4丁目10番地1法人名称,法人番号,主たる事務所の所在地,代表者,有効期限
稲村　厚法人名称,法人番号,主たる事務所の所在地,代表者,有効期限
平成23年5月1日から平成28年4月30日まで法人名称,法人番号,主たる事務所の所在地,代表者,有効期限

法人名称,法人番号,主たる事務所の所在地,代表者,有効期限
特定非営利活動法人いばらき子どもの虐待防止ネットワークあい法人名称,法人番号,主たる事務所の所在地,代表者,有効期限
法人番号1050005004809法人名称,法人番号,主たる事務所の所在地,代表者,有効期限
茨城県水戸市大塚町1866番地102号法人名称,法人番号,主たる事務所の所在地,代表者,有効期限
坂本　博之法人名称,法人番号,主たる事務所の所在地,代表者,有効期限
平成23年6月1日から平成28年5月31日まで法人名称,法人番号,主たる事務所の所在地,代表者,有効期限

法人名称,法人番号,主たる事務所の所在地,代表者,有効期限
特定非営利活動法人オレンジティ法人名称,法人番号,主たる事務所の所在地,代表者,有効期限
法人番号9080105003964法人名称,法人番号,主たる事務所の所在地,代表者,有効期限
静岡県熱海市西熱海町2丁目17番49号法人名称,法人番号,主たる事務所の所在地,代表者,有効期限
河村　裕美法人名称,法人番号,主たる事務所の所在地,代表者,有効期限
平成23年6月1日から平成28年5月31日まで法人名称,法人番号,主たる事務所の所在地,代表者,有効期限

法人名称,法人番号,主たる事務所の所在地,代表者,有効期限
特定非営利活動法人カルチャーナイト北海道法人名称,法人番号,主たる事務所の所在地,代表者,有効期限
法人番号8430005004499法人名称,法人番号,主たる事務所の所在地,代表者,有効期限
北海道札幌市中央区北四条西7丁目5番地緑苑第2ビル707号室法人名称,法人番号,主たる事務所の所在地,代表者,有効期限
山本　強法人名称,法人番号,主たる事務所の所在地,代表者,有効期限
平成23年6月1日から平成28年5月31日まで法人名称,法人番号,主たる事務所の所在地,代表者,有効期限

法人名称,法人番号,主たる事務所の所在地,代表者,有効期限
特定非営利活動法人樹恩ネットワーク法人名称,法人番号,主たる事務所の所在地,代表者,有効期限
法人番号5011305000530法人名称,法人番号,主たる事務所の所在地,代表者,有効期限
東京都杉並区和田3丁目30番22号法人名称,法人番号,主たる事務所の所在地,代表者,有効期限
生源寺　眞一法人名称,法人番号,主たる事務所の所在地,代表者,有効期限
平成23年6月1日から平成28年5月31日まで法人名称,法人番号,主たる事務所の所在地,代表者,有効期限

法人名称,法人番号,主たる事務所の所在地,代表者,有効期限
特定非営利活動法人多文化共生センター東京法人名称,法人番号,主たる事務所の所在地,代表者,有効期限
法人番号5011505001163法人名称,法人番号,主たる事務所の所在地,代表者,有効期限
東京都荒川区西尾久6丁目9番7号3階法人名称,法人番号,主たる事務所の所在地,代表者,有効期限
枦木　典子法人名称,法人番号,主たる事務所の所在地,代表者,有効期限
平成23年6月1日から平成28年5月31日まで法人名称,法人番号,主たる事務所の所在地,代表者,有効期限

法人名称,法人番号,主たる事務所の所在地,代表者,有効期限
特定非営利活動法人サイエンス・アクセシビリティ・ネット法人名称,法人番号,主たる事務所の所在地,代表者,有効期限
法人名称,法人番号,主たる事務所の所在地,代表者,有効期限
福岡県福岡市早良区百道浜3丁目4番11‐103号法人名称,法人番号,主たる事務所の所在地,代表者,有効期限
鈴木　昌和法人名称,法人番号,主たる事務所の所在地,代表者,有効期限
平成23年6月1日から平成28年5月31日まで法人名称,法人番号,主たる事務所の所在地,代表者,有効期限

法人名称,法人番号,主たる事務所の所在地,代表者,有効期限
特定非営利活動法人全国就労支援事業者機構法人名称,法人番号,主たる事務所の所在地,代表者,有効期限
法人名称,法人番号,主たる事務所の所在地,代表者,有効期限
東京都渋谷区千駄ヶ谷5丁目10番9号法人名称,法人番号,主たる事務所の所在地,代表者,有効期限
奥田　碩法人名称,法人番号,主たる事務所の所在地,代表者,有効期限
平成23年6月1日から平成28年5月31日まで法人名称,法人番号,主たる事務所の所在地,代表者,有効期限

法人名称,法人番号,主たる事務所の所在地,代表者,有効期限
特定非営利活動法人オックスファム・ジャパン法人名称,法人番号,主たる事務所の所在地,代表者,有効期限
法人番号8010505001328法人名称,法人番号,主たる事務所の所在地,代表者,有効期限
東京都台東区上野5丁目3番4号法人名称,法人番号,主たる事務所の所在地,代表者,有効期限
浪瀬　佳子法人名称,法人番号,主たる事務所の所在地,代表者,有効期限
平成23年6月16日から平成28年6月15日まで法人名称,法人番号,主たる事務所の所在地,代表者,有効期限

法人名称,法人番号,主たる事務所の所在地,代表者,有効期限
特定非営利活動法人日本エヌピーオーセンター法人名称,法人番号,主たる事務所の所在地,代表者,有効期限
法人番号2010005005842法人名称,法人番号,主たる事務所の所在地,代表者,有効期限
東京都千代田区大手町2丁目2番1号新大手町ビル245法人名称,法人番号,主たる事務所の所在地,代表者,有効期限
早瀬　昇法人名称,法人番号,主たる事務所の所在地,代表者,有効期限
平成23年6月16日から平成28年6月15日まで法人名称,法人番号,主たる事務所の所在地,代表者,有効期限

法人名称,法人番号,主たる事務所の所在地,代表者,有効期限
特定非営利活動法人ムラのミライ法人名称,法人番号,主たる事務所の所在地,代表者,有効期限
法人番号9200005009702法人名称,法人番号,主たる事務所の所在地,代表者,有効期限
岐阜県高山市千島町900番地1法人名称,法人番号,主たる事務所の所在地,代表者,有効期限
中田　豊一法人名称,法人番号,主たる事務所の所在地,代表者,有効期限
平成23年6月16日から平成28年6月15日まで法人名称,法人番号,主たる事務所の所在地,代表者,有効期限

法人名称,法人番号,主たる事務所の所在地,代表者,有効期限
特定非営利活動法人ACT法人名称,法人番号,主たる事務所の所在地,代表者,有効期限
法人番号4100005007464法人名称,法人番号,主たる事務所の所在地,代表者,有効期限
長野県北安曇郡白馬村大字北城2809番地1法人名称,法人番号,主たる事務所の所在地,代表者,有効期限
元村　幸時法人名称,法人番号,主たる事務所の所在地,代表者,有効期限
平成23年7月1日から平成28年6月30日まで法人名称,法人番号,主たる事務所の所在地,代表者,有効期限

法人名称,法人番号,主たる事務所の所在地,代表者,有効期限
特定非営利活動法人スマイルオブキッズ法人名称,法人番号,主たる事務所の所在地,代表者,有効期限
法人番号1020005005520法人名称,法人番号,主たる事務所の所在地,代表者,有効期限
神奈川県横浜市南区六ツ川4丁目1124番地2法人名称,法人番号,主たる事務所の所在地,代表者,有効期限
田川　尚登法人名称,法人番号,主たる事務所の所在地,代表者,有効期限
平成23年7月1日から平成28年6月30日まで法人名称,法人番号,主たる事務所の所在地,代表者,有効期限

法人名称,法人番号,主たる事務所の所在地,代表者,有効期限
特定非営利活動法人東京多摩いのちの電話法人名称,法人番号,主たる事務所の所在地,代表者,有効期限
法人番号1012405002016法人名称,法人番号,主たる事務所の所在地,代表者,有効期限
東京都国分寺市本町1丁目6番2号法人名称,法人番号,主たる事務所の所在地,代表者,有効期限
清水　康雄法人名称,法人番号,主たる事務所の所在地,代表者,有効期限
平成23年7月1日から平成28年6月30日まで法人名称,法人番号,主たる事務所の所在地,代表者,有効期限

法人名称,法人番号,主たる事務所の所在地,代表者,有効期限
特定非営利活動法人日韓アジア基金・日本法人名称,法人番号,主たる事務所の所在地,代表者,有効期限
法人番号5010005008405法人名称,法人番号,主たる事務所の所在地,代表者,有効期限
東京都文京区本駒込2丁目12番13号アジア文化会館内法人名称,法人番号,主たる事務所の所在地,代表者,有効期限
江本　哲也法人名称,法人番号,主たる事務所の所在地,代表者,有効期限
平成23年7月1日から平成28年6月30日まで法人名称,法人番号,主たる事務所の所在地,代表者,有効期限

法人名称,法人番号,主たる事務所の所在地,代表者,有効期限
特定非営利活動法人日本視覚障害者セーリング協会法人名称,法人番号,主たる事務所の所在地,代表者,有効期限
法人番号4010405008286法人名称,法人番号,主たる事務所の所在地,代表者,有効期限
東京都大田区西六郷3丁目29番3号法人名称,法人番号,主たる事務所の所在地,代表者,有効期限
金輪　孝幸法人名称,法人番号,主たる事務所の所在地,代表者,有効期限
平成23年7月1日から平成28年6月30日まで法人名称,法人番号,主たる事務所の所在地,代表者,有効期限

法人名称,法人番号,主たる事務所の所在地,代表者,有効期限
特定非営利活動法人福山シンフォニーオーケストラ法人名称,法人番号,主たる事務所の所在地,代表者,有効期限
法人番号2240005009977法人名称,法人番号,主たる事務所の所在地,代表者,有効期限
広島県福山市曙町1丁目16番8号法人名称,法人番号,主たる事務所の所在地,代表者,有効期限
松岡　巖法人名称,法人番号,主たる事務所の所在地,代表者,有効期限
平成23年7月1日から平成28年6月30日まで法人名称,法人番号,主たる事務所の所在地,代表者,有効期限

法人名称,法人番号,主たる事務所の所在地,代表者,有効期限
特定非営利活動法人ESAアジア教育支援の会法人名称,法人番号,主たる事務所の所在地,代表者,有効期限
法人名称,法人番号,主たる事務所の所在地,代表者,有効期限
東京都狛江市東和泉1丁目23番3号101法人名称,法人番号,主たる事務所の所在地,代表者,有効期限
淺田　美知子法人名称,法人番号,主たる事務所の所在地,代表者,有効期限
平成21年9月1日から平成28年6月30日まで法人名称,法人番号,主たる事務所の所在地,代表者,有効期限

法人名称,法人番号,主たる事務所の所在地,代表者,有効期限
特定非営利活動法人アイキャン法人名称,法人番号,主たる事務所の所在地,代表者,有効期限
法人番号6180005005310法人名称,法人番号,主たる事務所の所在地,代表者,有効期限
愛知県名古屋市中区大須3丁目5番4号法人名称,法人番号,主たる事務所の所在地,代表者,有効期限
田口　京子法人名称,法人番号,主たる事務所の所在地,代表者,有効期限
平成21年9月1日から平成28年7月31日まで法人名称,法人番号,主たる事務所の所在地,代表者,有効期限

法人名称,法人番号,主たる事務所の所在地,代表者,有効期限
特定非営利活動法人礎の石孤児院法人名称,法人番号,主たる事務所の所在地,代表者,有効期限
法人番号5010705000776法人名称,法人番号,主たる事務所の所在地,代表者,有効期限
東京都品川区西五反田1丁目14番1号法人名称,法人番号,主たる事務所の所在地,代表者,有効期限
北野　直人法人名称,法人番号,主たる事務所の所在地,代表者,有効期限
平成23年8月1日から平成28年7月31日まで法人名称,法人番号,主たる事務所の所在地,代表者,有効期限

法人名称,法人番号,主たる事務所の所在地,代表者,有効期限
特定非営利活動法人シャプラニール市民による海外協力の会法人名称,法人番号,主たる事務所の所在地,代表者,有効期限
法人番号3011105001755法人名称,法人番号,主たる事務所の所在地,代表者,有効期限
東京都新宿区西早稲田2丁目3番1号法人名称,法人番号,主たる事務所の所在地,代表者,有効期限
岩城　幸男法人名称,法人番号,主たる事務所の所在地,代表者,有効期限
平成21年9月1日から平成28年7月31日まで法人名称,法人番号,主たる事務所の所在地,代表者,有効期限

法人名称,法人番号,主たる事務所の所在地,代表者,有効期限
特定非営利活動法人腎臓病早期発見推進機構法人名称,法人番号,主たる事務所の所在地,代表者,有効期限
法人番号2011105004098法人名称,法人番号,主たる事務所の所在地,代表者,有効期限
東京都千代田区九段南4丁目6番9号法人名称,法人番号,主たる事務所の所在地,代表者,有効期限
高橋　進法人名称,法人番号,主たる事務所の所在地,代表者,有効期限
平成21年9月1日から平成28年7月31日まで法人名称,法人番号,主たる事務所の所在地,代表者,有効期限

法人名称,法人番号,主たる事務所の所在地,代表者,有効期限
特定非営利活動法人猫達の幸せを守る会法人名称,法人番号,主たる事務所の所在地,代表者,有効期限
法人番号1040005016004法人名称,法人番号,主たる事務所の所在地,代表者,有効期限
千葉県安房郡鋸南町上佐久間2番地2法人名称,法人番号,主たる事務所の所在地,代表者,有効期限
橋　章樹法人名称,法人番号,主たる事務所の所在地,代表者,有効期限
平成23年8月1日から平成28年7月31日まで法人名称,法人番号,主たる事務所の所在地,代表者,有効期限

法人名称,法人番号,主たる事務所の所在地,代表者,有効期限
特定非営利活動法人富士山クラブ法人名称,法人番号,主たる事務所の所在地,代表者,有効期限
法人番号8090005004492法人名称,法人番号,主たる事務所の所在地,代表者,有効期限
山梨県南都留郡富士河口湖町西湖2870番地法人名称,法人番号,主たる事務所の所在地,代表者,有効期限
奥島　孝康法人名称,法人番号,主たる事務所の所在地,代表者,有効期限
平成23年8月1日から平成28年7月31日まで法人名称,法人番号,主たる事務所の所在地,代表者,有効期限

法人名称,法人番号,主たる事務所の所在地,代表者,有効期限
特定非営利活動法人ブリッジフォースマイル法人名称,法人番号,主たる事務所の所在地,代表者,有効期限
法人番号2010005011493法人名称,法人番号,主たる事務所の所在地,代表者,有効期限
東京都千代田区大手町2丁目6番4号法人名称,法人番号,主たる事務所の所在地,代表者,有効期限
林　恵子法人名称,法人番号,主たる事務所の所在地,代表者,有効期限
平成23年8月1日から平成28年7月31日まで法人名称,法人番号,主たる事務所の所在地,代表者,有効期限

法人名称,法人番号,主たる事務所の所在地,代表者,有効期限
特定非営利活動法人フレンズ・ウィズアウト・ア・ボーダーJAPAN法人名称,法人番号,主たる事務所の所在地,代表者,有効期限
法人番号2013205001223法人名称,法人番号,主たる事務所の所在地,代表者,有効期限
東京都中央区日本橋小伝馬町16－8共同ビル7F法人名称,法人番号,主たる事務所の所在地,代表者,有効期限
赤尾　和美法人名称,法人番号,主たる事務所の所在地,代表者,有効期限
平成23年8月1日から平成28年7月31日まで法人名称,法人番号,主たる事務所の所在地,代表者,有効期限

法人名称,法人番号,主たる事務所の所在地,代表者,有効期限
特定非営利活動法人ベトナム簿記普及推進協議会法人名称,法人番号,主たる事務所の所在地,代表者,有効期限
法人番号7010005016091法人名称,法人番号,主たる事務所の所在地,代表者,有効期限
東京都千代田区丸の内1丁目8番1号丸の内トラストタワーN館19階税理士法人山田アンドパートナーズ内法人名称,法人番号,主たる事務所の所在地,代表者,有効期限
大武　健一郎法人名称,法人番号,主たる事務所の所在地,代表者,有効期限
平成23年8月1日から平成28年7月31日まで法人名称,法人番号,主たる事務所の所在地,代表者,有効期限

法人名称,法人番号,主たる事務所の所在地,代表者,有効期限
認定特定非営利活動法人まちぽっと法人名称,法人番号,主たる事務所の所在地,代表者,有効期限
法人番号4011105003692法人名称,法人番号,主たる事務所の所在地,代表者,有効期限
東京都新宿区歌舞伎町2丁目19番13号ASKビル501号法人名称,法人番号,主たる事務所の所在地,代表者,有効期限
佐々木　貴子法人名称,法人番号,主たる事務所の所在地,代表者,有効期限
平成23年8月1日から平成28年7月31日まで法人名称,法人番号,主たる事務所の所在地,代表者,有効期限

法人名称,法人番号,主たる事務所の所在地,代表者,有効期限
特定非営利活動法人たんぽぽの会法人名称,法人番号,主たる事務所の所在地,代表者,有効期限
法人名称,法人番号,主たる事務所の所在地,代表者,有効期限
東京都目黒区碑文谷4丁目3番12号メイサウンド碑文谷102法人名称,法人番号,主たる事務所の所在地,代表者,有効期限
倉橋　由紀子法人名称,法人番号,主たる事務所の所在地,代表者,有効期限
平成23年8月1日から平成28年7月31日まで法人名称,法人番号,主たる事務所の所在地,代表者,有効期限

法人名称,法人番号,主たる事務所の所在地,代表者,有効期限
特定非営利活動法人日本ミャンマー豊友会法人名称,法人番号,主たる事務所の所在地,代表者,有効期限
法人番号9180305004323法人名称,法人番号,主たる事務所の所在地,代表者,有効期限
愛知県豊川市牛久保町城下73番地大木産業株式会社内法人名称,法人番号,主たる事務所の所在地,代表者,有効期限
近藤　秀二法人名称,法人番号,主たる事務所の所在地,代表者,有効期限
平成23年8月16日から平成28年8月15日まで法人名称,法人番号,主たる事務所の所在地,代表者,有効期限

法人名称,法人番号,主たる事務所の所在地,代表者,有効期限
特定非営利活動法人サバイバルネット・ライフ法人名称,法人番号,主たる事務所の所在地,代表者,有効期限
法人番号6060005005396法人名称,法人番号,主たる事務所の所在地,代表者,有効期限
栃木県小山市神鳥谷931番地3法人名称,法人番号,主たる事務所の所在地,代表者,有効期限
仲村　久代法人名称,法人番号,主たる事務所の所在地,代表者,有効期限
平成23年10月16日から平成28年10月15日まで法人名称,法人番号,主たる事務所の所在地,代表者,有効期限

法人名称,法人番号,主たる事務所の所在地,代表者,有効期限
特定非営利活動法人消費者支援ネット北海道法人名称,法人番号,主たる事務所の所在地,代表者,有効期限
法人番号7430005005201法人名称,法人番号,主たる事務所の所在地,代表者,有効期限
北海道札幌市中央区北4条西12丁目1番55法人名称,法人番号,主たる事務所の所在地,代表者,有効期限
向田　直範法人名称,法人番号,主たる事務所の所在地,代表者,有効期限
平成23年10月16日から平成28年10月15日まで法人名称,法人番号,主たる事務所の所在地,代表者,有効期限

法人名称,法人番号,主たる事務所の所在地,代表者,有効期限
特定非営利活動法人全国盲導犬施設連合会法人名称,法人番号,主たる事務所の所在地,代表者,有効期限
法人番号5011105003832法人名称,法人番号,主たる事務所の所在地,代表者,有効期限
東京都新宿区住吉町5番1号吉村ビル2階法人名称,法人番号,主たる事務所の所在地,代表者,有効期限
井上　幸彦法人名称,法人番号,主たる事務所の所在地,代表者,有効期限
平成23年10月16日から平成28年10月15日まで法人名称,法人番号,主たる事務所の所在地,代表者,有効期限

法人名称,法人番号,主たる事務所の所在地,代表者,有効期限
特定非営利活動法人産業クラスター研究会法人名称,法人番号,主たる事務所の所在地,代表者,有効期限
法人番号9021005008258法人名称,法人番号,主たる事務所の所在地,代表者,有効期限
神奈川県横須賀市光の丘8番3号YRPベンチャー棟209号法人名称,法人番号,主たる事務所の所在地,代表者,有効期限
木下　武法人名称,法人番号,主たる事務所の所在地,代表者,有効期限
平成23年11月16日から平成28年11月15日まで法人名称,法人番号,主たる事務所の所在地,代表者,有効期限

法人名称,法人番号,主たる事務所の所在地,代表者,有効期限
特定非営利活動法人ジャパンハート法人名称,法人番号,主たる事務所の所在地,代表者,有効期限
法人番号4010505001991法人名称,法人番号,主たる事務所の所在地,代表者,有効期限
東京都台東区台東1丁目33番6号セントオフィス秋葉原10階法人名称,法人番号,主たる事務所の所在地,代表者,有効期限
吉岡　秀人法人名称,法人番号,主たる事務所の所在地,代表者,有効期限
平成23年11月16日から平成28年11月15日まで法人名称,法人番号,主たる事務所の所在地,代表者,有効期限

法人名称,法人番号,主たる事務所の所在地,代表者,有効期限
特定非営利活動法人トラ・ゾウ保護基金法人名称,法人番号,主たる事務所の所在地,代表者,有効期限
法人番号6010405008334法人名称,法人番号,主たる事務所の所在地,代表者,有効期限
東京都港区虎ノ門2丁目5番4号末広ビル5階法人名称,法人番号,主たる事務所の所在地,代表者,有効期限
李　久美法人名称,法人番号,主たる事務所の所在地,代表者,有効期限
平成23年11月16日から平成28年11月15日まで法人名称,法人番号,主たる事務所の所在地,代表者,有効期限

法人名称,法人番号,主たる事務所の所在地,代表者,有効期限
特定非営利活動法人アトピッ子地球の子ネットワーク法人名称,法人番号,主たる事務所の所在地,代表者,有効期限
法人番号1011105004000法人名称,法人番号,主たる事務所の所在地,代表者,有効期限
東京都新宿区西早稲田1丁目9番19号207法人名称,法人番号,主たる事務所の所在地,代表者,有効期限
吉澤　淳法人名称,法人番号,主たる事務所の所在地,代表者,有効期限
平成23年12月1日から平成28年11月30日まで法人名称,法人番号,主たる事務所の所在地,代表者,有効期限

法人名称,法人番号,主たる事務所の所在地,代表者,有効期限
特定非営利活動法人京都藝際交流協会法人名称,法人番号,主たる事務所の所在地,代表者,有効期限
法人番号3130005004880法人名称,法人番号,主たる事務所の所在地,代表者,有効期限
京都府京都市上京区河原町通今出川下る梶井町448番地17河原町トウキュウビル1階法人名称,法人番号,主たる事務所の所在地,代表者,有効期限
石田　淨法人名称,法人番号,主たる事務所の所在地,代表者,有効期限
平成23年12月1日から平成28年11月30日まで法人名称,法人番号,主たる事務所の所在地,代表者,有効期限

法人名称,法人番号,主たる事務所の所在地,代表者,有効期限
特定非営利活動法人環境エネルギー政策研究所法人名称,法人番号,主たる事務所の所在地,代表者,有効期限
法人番号4011205001290法人名称,法人番号,主たる事務所の所在地,代表者,有効期限
東京都中野区中野4丁目7番3号法人名称,法人番号,主たる事務所の所在地,代表者,有効期限
飯田　哲也法人名称,法人番号,主たる事務所の所在地,代表者,有効期限
平成23年12月16日から平成28年12月15日まで法人名称,法人番号,主たる事務所の所在地,代表者,有効期限

法人名称,法人番号,主たる事務所の所在地,代表者,有効期限
特定非営利活動法人NPO会計税務専門家ネットワーク法人名称,法人番号,主たる事務所の所在地,代表者,有効期限
法人名称,法人番号,主たる事務所の所在地,代表者,有効期限
東京都文京区根津1丁目19番14‐201号法人名称,法人番号,主たる事務所の所在地,代表者,有効期限
脇坂　誠也法人名称,法人番号,主たる事務所の所在地,代表者,有効期限
平成23年12月16日から平成28年12月15日まで法人名称,法人番号,主たる事務所の所在地,代表者,有効期限

法人名称,法人番号,主たる事務所の所在地,代表者,有効期限
特定非営利活動法人ロシナンテス法人名称,法人番号,主たる事務所の所在地,代表者,有効期限
法人番号6290805003650法人名称,法人番号,主たる事務所の所在地,代表者,有効期限
福岡県北九州市小倉北区古船場町1番35号法人名称,法人番号,主たる事務所の所在地,代表者,有効期限
川原　尚行法人名称,法人番号,主たる事務所の所在地,代表者,有効期限
平成24年1月16日から平成29年1月15日まで法人名称,法人番号,主たる事務所の所在地,代表者,有効期限

法人名称,法人番号,主たる事務所の所在地,代表者,有効期限
特定非営利活動法人じゃっど法人名称,法人番号,主たる事務所の所在地,代表者,有効期限
法人番号1340005003649法人名称,法人番号,主たる事務所の所在地,代表者,有効期限
鹿児島県薩摩川内市神田町11番20号法人名称,法人番号,主たる事務所の所在地,代表者,有効期限
帖佐　徹法人名称,法人番号,主たる事務所の所在地,代表者,有効期限
平成24年2月16日から平成29年2月15日まで法人名称,法人番号,主たる事務所の所在地,代表者,有効期限

法人名称,法人番号,主たる事務所の所在地,代表者,有効期限
特定非営利活動法人ミュージック・シェアリング法人名称,法人番号,主たる事務所の所在地,代表者,有効期限
法人番号2010005007021法人名称,法人番号,主たる事務所の所在地,代表者,有効期限
東京都千代田区隼町2番12号708法人名称,法人番号,主たる事務所の所在地,代表者,有効期限
五嶋　みどり法人名称,法人番号,主たる事務所の所在地,代表者,有効期限
平成24年3月1日から平成29年2月28日まで法人名称,法人番号,主たる事務所の所在地,代表者,有効期限

法人名称,法人番号,主たる事務所の所在地,代表者,有効期限
特定非営利活動法人フリー・ザ・チルドレン・ジャパン法人名称,法人番号,主たる事務所の所在地,代表者,有効期限
法人番号6010905002340法人名称,法人番号,主たる事務所の所在地,代表者,有効期限
東京都世田谷区南烏山6丁目6番5号安藤ビル3F法人名称,法人番号,主たる事務所の所在地,代表者,有効期限
中島　早苗法人名称,法人番号,主たる事務所の所在地,代表者,有効期限
平成24年3月16日から平成29年3月15日まで法人名称,法人番号,主たる事務所の所在地,代表者,有効期限

法人名称,法人番号,主たる事務所の所在地,代表者,有効期限
特定非営利活動法人さなぎ達法人名称,法人番号,主たる事務所の所在地,代表者,有効期限
法人番号7020005004021法人名称,法人番号,主たる事務所の所在地,代表者,有効期限
神奈川県横浜市中区翁町1丁目6番地4新翁ビル1階法人名称,法人番号,主たる事務所の所在地,代表者,有効期限
山中　修法人名称,法人番号,主たる事務所の所在地,代表者,有効期限
平成24年4月1日から平成29年3月31日まで法人名称,法人番号,主たる事務所の所在地,代表者,有効期限

法人名称,法人番号,主たる事務所の所在地,代表者,有効期限
特定非営利活動法人侍学園スクオーラ・今人法人名称,法人番号,主たる事務所の所在地,代表者,有効期限
法人番号9100005004754法人名称,法人番号,主たる事務所の所在地,代表者,有効期限
長野県上田市本郷1524番地1法人名称,法人番号,主たる事務所の所在地,代表者,有効期限
長岡　秀貴法人名称,法人番号,主たる事務所の所在地,代表者,有効期限
平成24年4月1日から平成29年3月31日まで法人名称,法人番号,主たる事務所の所在地,代表者,有効期限

法人名称,法人番号,主たる事務所の所在地,代表者,有効期限
特定非営利活動法人国際協力エヌジーオーセンター法人名称,法人番号,主たる事務所の所在地,代表者,有効期限
法人番号3011105002654法人名称,法人番号,主たる事務所の所在地,代表者,有効期限
東京都新宿区西早稲田2-3-18法人名称,法人番号,主たる事務所の所在地,代表者,有効期限
谷山　博史法人名称,法人番号,主たる事務所の所在地,代表者,有効期限
平成24年5月1日から平成29年4月30日まで法人名称,法人番号,主たる事務所の所在地,代表者,有効期限

法人名称,法人番号,主たる事務所の所在地,代表者,有効期限
特定非営利活動法人市民のための健康・医療ネットワーク法人名称,法人番号,主たる事務所の所在地,代表者,有効期限
法人番号4050005005234法人名称,法人番号,主たる事務所の所在地,代表者,有効期限
茨城県つくば市倉掛720番地法人名称,法人番号,主たる事務所の所在地,代表者,有効期限
松　靖司法人名称,法人番号,主たる事務所の所在地,代表者,有効期限
平成24年5月1日から平成29年4月30日まで法人名称,法人番号,主たる事務所の所在地,代表者,有効期限

法人名称,法人番号,主たる事務所の所在地,代表者,有効期限
特定非営利活動法人セルフメディケーション推進協議会法人名称,法人番号,主たる事務所の所在地,代表者,有効期限
法人番号3010405005400法人名称,法人番号,主たる事務所の所在地,代表者,有効期限
東京都港区西新橋2丁目8番11号法人名称,法人番号,主たる事務所の所在地,代表者,有効期限
池田　義雄法人名称,法人番号,主たる事務所の所在地,代表者,有効期限
平成24年5月1日から平成29年4月30日まで法人名称,法人番号,主たる事務所の所在地,代表者,有効期限

法人名称,法人番号,主たる事務所の所在地,代表者,有効期限
特定非営利活動法人Hope and Faith International法人名称,法人番号,主たる事務所の所在地,代表者,有効期限
法人番号7010905001928法人名称,法人番号,主たる事務所の所在地,代表者,有効期限
東京都世田谷区玉川4丁目10番20号法人名称,法人番号,主たる事務所の所在地,代表者,有効期限
福井　誠法人名称,法人番号,主たる事務所の所在地,代表者,有効期限
平成24年5月16日から平成29年5月15日まで法人名称,法人番号,主たる事務所の所在地,代表者,有効期限

法人名称,法人番号,主たる事務所の所在地,代表者,有効期限
特定非営利活動法人たすけあいの会ふれあいネットまつど法人名称,法人番号,主たる事務所の所在地,代表者,有効期限
法人番号6040005005381法人名称,法人番号,主たる事務所の所在地,代表者,有効期限
千葉県松戸市東平賀7番地の2法人名称,法人番号,主たる事務所の所在地,代表者,有効期限
島田　喜七法人名称,法人番号,主たる事務所の所在地,代表者,有効期限
平成24年6月1日から平成29年5月31日まで法人名称,法人番号,主たる事務所の所在地,代表者,有効期限

法人名称,法人番号,主たる事務所の所在地,代表者,有効期限
特定非営利活動法人日本・ミャンマー医療人育成支援協会法人名称,法人番号,主たる事務所の所在地,代表者,有効期限
法人番号1260005002898法人名称,法人番号,主たる事務所の所在地,代表者,有効期限
岡山県岡山市番町2丁目6番7号法人名称,法人番号,主たる事務所の所在地,代表者,有効期限
岡田　茂法人名称,法人番号,主たる事務所の所在地,代表者,有効期限
平成24年6月1日から平成29年5月31日まで法人名称,法人番号,主たる事務所の所在地,代表者,有効期限

法人名称,法人番号,主たる事務所の所在地,代表者,有効期限
特定非営利活動法人北海道市民環境ネットワーク法人名称,法人番号,主たる事務所の所在地,代表者,有効期限
法人番号8430005005084法人名称,法人番号,主たる事務所の所在地,代表者,有効期限
北海道札幌市中央区南一条西5丁目8番地愛生舘ビル5階法人名称,法人番号,主たる事務所の所在地,代表者,有効期限
秋山　孝二法人名称,法人番号,主たる事務所の所在地,代表者,有効期限
平成24年6月1日から平成29年5月31日まで法人名称,法人番号,主たる事務所の所在地,代表者,有効期限

法人名称,法人番号,主たる事務所の所在地,代表者,有効期限
特定非営利活動法人日本アレルギー友の会法人名称,法人番号,主たる事務所の所在地,代表者,有効期限
法人番号3010605001240法人名称,法人番号,主たる事務所の所在地,代表者,有効期限
東京都江東区住吉2丁目6番5号法人名称,法人番号,主たる事務所の所在地,代表者,有効期限
堀内　繁法人名称,法人番号,主たる事務所の所在地,代表者,有効期限
平成24年6月1日から平成29年5月31日まで法人名称,法人番号,主たる事務所の所在地,代表者,有効期限

法人名称,法人番号,主たる事務所の所在地,代表者,有効期限
特定非営利活動法人あきたスギッチファンド法人名称,法人番号,主たる事務所の所在地,代表者,有効期限
法人番号4410005001766法人名称,法人番号,主たる事務所の所在地,代表者,有効期限
秋田県秋田市上北手荒巻字堺切24番地の2法人名称,法人番号,主たる事務所の所在地,代表者,有効期限
菅原　展子法人名称,法人番号,主たる事務所の所在地,代表者,有効期限
平成24年6月16日から平成29年6月15日まで法人名称,法人番号,主たる事務所の所在地,代表者,有効期限

法人名称,法人番号,主たる事務所の所在地,代表者,有効期限
特定非営利活動法人おやじ日本法人名称,法人番号,主たる事務所の所在地,代表者,有効期限
法人番号6011005002719法人名称,法人番号,主たる事務所の所在地,代表者,有効期限
東京都渋谷区宇田川町5番2号渋谷区役所神南分庁舎3階法人名称,法人番号,主たる事務所の所在地,代表者,有効期限
竹花　豊法人名称,法人番号,主たる事務所の所在地,代表者,有効期限
平成24年6月16日から平成29年6月15日まで法人名称,法人番号,主たる事務所の所在地,代表者,有効期限

法人名称,法人番号,主たる事務所の所在地,代表者,有効期限
特定非営利活動法人行徳野鳥観察舎友の会法人名称,法人番号,主たる事務所の所在地,代表者,有効期限
法人番号3040005004295法人名称,法人番号,主たる事務所の所在地,代表者,有効期限
千葉県市川市福栄4丁目27番2号原島方法人名称,法人番号,主たる事務所の所在地,代表者,有効期限
鈴木　晃夫法人名称,法人番号,主たる事務所の所在地,代表者,有効期限
平成24年6月16日から平成29年6月15日まで法人名称,法人番号,主たる事務所の所在地,代表者,有効期限

法人名称,法人番号,主たる事務所の所在地,代表者,有効期限
特定非営利活動法人NPO高知市民会議法人名称,法人番号,主たる事務所の所在地,代表者,有効期限
法人番号2490005001331法人名称,法人番号,主たる事務所の所在地,代表者,有効期限
高知県高知市福井扇町13番24号法人名称,法人番号,主たる事務所の所在地,代表者,有効期限
内田　洋子法人名称,法人番号,主たる事務所の所在地,代表者,有効期限
平成24年7月1日から平成29年6月30日まで法人名称,法人番号,主たる事務所の所在地,代表者,有効期限

法人名称,法人番号,主たる事務所の所在地,代表者,有効期限
特定非営利活動法人おかやま犯罪被害者サポート・ファミリーズ法人名称,法人番号,主たる事務所の所在地,代表者,有効期限
法人番号2260005002922法人名称,法人番号,主たる事務所の所在地,代表者,有効期限
岡山県岡山市北区富田町1丁目6番10号東光第一ビル2階法人名称,法人番号,主たる事務所の所在地,代表者,有効期限
川　政宏法人名称,法人番号,主たる事務所の所在地,代表者,有効期限
平成24年7月1日から平成29年6月30日まで法人名称,法人番号,主たる事務所の所在地,代表者,有効期限

法人名称,法人番号,主たる事務所の所在地,代表者,有効期限
特定非営利活動法人日本高血圧協会法人名称,法人番号,主たる事務所の所在地,代表者,有効期限
法人番号3500005002590法人名称,法人番号,主たる事務所の所在地,代表者,有効期限
大阪府大阪市淀川区西宮原1丁目8番29号法人名称,法人番号,主たる事務所の所在地,代表者,有効期限
荒川　規矩男法人名称,法人番号,主たる事務所の所在地,代表者,有効期限
平成24年7月1日から平成29年6月30日まで法人名称,法人番号,主たる事務所の所在地,代表者,有効期限

法人名称,法人番号,主たる事務所の所在地,代表者,有効期限
特定非営利活動法人ビッグイシュー基金法人名称,法人番号,主たる事務所の所在地,代表者,有効期限
法人番号2120005011169法人名称,法人番号,主たる事務所の所在地,代表者,有効期限
大阪府大阪市北区堂島2丁目3番2号法人名称,法人番号,主たる事務所の所在地,代表者,有効期限
佐野　章二法人名称,法人番号,主たる事務所の所在地,代表者,有効期限
平成24年7月1日から平成29年6月30日まで法人名称,法人番号,主たる事務所の所在地,代表者,有効期限

法人名称,法人番号,主たる事務所の所在地,代表者,有効期限
特定非営利活動法人市民セクターよこはま法人名称,法人番号,主たる事務所の所在地,代表者,有効期限
法人番号9020005004572法人名称,法人番号,主たる事務所の所在地,代表者,有効期限
神奈川県横浜市中区太田町4丁目49番地NGS横濱馬車道ビル802号法人名称,法人番号,主たる事務所の所在地,代表者,有効期限
中野　しずよ法人名称,法人番号,主たる事務所の所在地,代表者,有効期限
平成24年7月16日から平成29年7月15日まで法人名称,法人番号,主たる事務所の所在地,代表者,有効期限

法人名称,法人番号,主たる事務所の所在地,代表者,有効期限
特定非営利活動法人ストップ結核パートナーシップ日本法人名称,法人番号,主たる事務所の所在地,代表者,有効期限
法人番号7010005013056法人名称,法人番号,主たる事務所の所在地,代表者,有効期限
東京都千代田区三崎町1-3-12号結核予防会内法人名称,法人番号,主たる事務所の所在地,代表者,有効期限
田中　慶司白須　紀子森　亨法人名称,法人番号,主たる事務所の所在地,代表者,有効期限
平成24年7月16日から平成29年7月15日まで法人名称,法人番号,主たる事務所の所在地,代表者,有効期限

法人名称,法人番号,主たる事務所の所在地,代表者,有効期限
特定非営利活動法人Living in Peace法人名称,法人番号,主たる事務所の所在地,代表者,有効期限
法人番号6010705001633法人名称,法人番号,主たる事務所の所在地,代表者,有効期限
東京都中央区月島4丁目14番11号902法人名称,法人番号,主たる事務所の所在地,代表者,有効期限
愼　泰俊法人名称,法人番号,主たる事務所の所在地,代表者,有効期限
平成24年7月16日から平成29年7月15日まで法人名称,法人番号,主たる事務所の所在地,代表者,有効期限

法人名称,法人番号,主たる事務所の所在地,代表者,有効期限
特定非営利活動法人白馬の自然と花を育む会法人名称,法人番号,主たる事務所の所在地,代表者,有効期限
 法人名称,法人番号,主たる事務所の所在地,代表者,有効期限
長野県北安曇郡白馬村大字神城24211番地1法人名称,法人番号,主たる事務所の所在地,代表者,有効期限
太田　敏彦法人名称,法人番号,主たる事務所の所在地,代表者,有効期限
平成19年4月1日から平成26年3月31日まで法人名称,法人番号,主たる事務所の所在地,代表者,有効期限

法人名称,法人番号,主たる事務所の所在地,代表者,有効期限
清算結了年月日平成22年9月6日法人名称,法人番号,主たる事務所の所在地,代表者,有効期限
特定非営利活動法人パッチワーク法人名称,法人番号,主たる事務所の所在地,代表者,有効期限
 法人名称,法人番号,主たる事務所の所在地,代表者,有効期限
石川県金沢市長田本町チ20番地3法人名称,法人番号,主たる事務所の所在地,代表者,有効期限
虹釜　和昭法人名称,法人番号,主たる事務所の所在地,代表者,有効期限

法人名称,法人番号,主たる事務所の所在地,代表者,有効期限
平成19年7月1日から平成26年6月30日まで法人名称,法人番号,主たる事務所の所在地,代表者,有効期限
清算結了年月日平成22年9月6日法人名称,法人番号,主たる事務所の所在地,代表者,有効期限
特定非営利活動法人福岡犯罪被害者支援センター法人名称,法人番号,主たる事務所の所在地,代表者,有効期限
 法人名称,法人番号,主たる事務所の所在地,代表者,有効期限
福岡県福岡市博多区博多駅東2丁目8番11号法人名称,法人番号,主たる事務所の所在地,代表者,有効期限

法人名称,法人番号,主たる事務所の所在地,代表者,有効期限
内川　昭司法人名称,法人番号,主たる事務所の所在地,代表者,有効期限
平成17年12月1日から平成26年11月30日まで法人名称,法人番号,主たる事務所の所在地,代表者,有効期限
清算結了年月日平成24年8月8日法人名称,法人番号,主たる事務所の所在地,代表者,有効期限
特定非営利活動法人スペシャルオリンピックス日本法人名称,法人番号,主たる事務所の所在地,代表者,有効期限
 法人名称,法人番号,主たる事務所の所在地,代表者,有効期限

法人名称,法人番号,主たる事務所の所在地,代表者,有効期限
東京都港区西新橋2丁目22番1号西新橋2丁目森ビル7階法人名称,法人番号,主たる事務所の所在地,代表者,有効期限
白木　福次郎法人名称,法人番号,主たる事務所の所在地,代表者,有効期限
平成18年7月1日から平成27年6月30日まで法人名称,法人番号,主たる事務所の所在地,代表者,有効期限
清算結了年月日平成24年8月20日法人名称,法人番号,主たる事務所の所在地,代表者,有効期限
特定非営利活動法人あにまるネットワーク・ポニーズ法人名称,法人番号,主たる事務所の所在地,代表者,有効期限

法人名称,法人番号,主たる事務所の所在地,代表者,有効期限
法人番号4110005009633法人名称,法人番号,主たる事務所の所在地,代表者,有効期限
新潟県上越市大字大日34番地5法人名称,法人番号,主たる事務所の所在地,代表者,有効期限
早津　薫法人名称,法人番号,主たる事務所の所在地,代表者,有効期限
平成24年4月16日から平成29年4月15日まで清算結了年月日平成28年6月29日法人名称,法人番号,主たる事務所の所在地,代表者,有効期限
特定非営利活動法人アジア教育・文化・自然環境保護日本支援センター法人名称,法人番号,主たる事務所の所在地,代表者,有効期限

法人名称,法人番号,主たる事務所の所在地,代表者,有効期限
 法人名称,法人番号,主たる事務所の所在地,代表者,有効期限
東京都足立区栗原1丁目20番22号法人名称,法人番号,主たる事務所の所在地,代表者,有効期限
プレーマダーサヘーゴダ法人名称,法人番号,主たる事務所の所在地,代表者,有効期限
平成21年8月1日から平成23年6月27日まで